A,C,Y
-0.6623165733392825,-0.5604756465522126,0.8779493798317626
1.0585402193240883,-0.23017748948327998,1.8812152347516422
-0.6793370543396521,1.558708314149124,0.035899780914146584
1.5021711145133811,0.07050839142457599,2.4573429987031803
0.9549775330066855,0.12928773516094624,2.1738314671533563
0.8496505131697326,1.7150649868832812,3.345806427913435
0.7129501902711912,0.4609162059892024,2.944656777712178
-0.17589870849532843,-1.2650612346065337,-0.9641192015981092
-0.6530970475896449,-0.686852851893526,-3.1128932780024785
-0.47722451858540693,-0.4456619700999581,-1.386516805266738
-0.23661125723897114,1.2240817974394618,-0.38162205863842674
1.34661666658943,0.3598138270573638,2.770851908124789
0.7197234884845347,0.4007714505940521,2.649024432834704
-0.07552894281272991,0.11068271594511968,-1.123274831089666
-1.3056093051791136,-0.5558411347540749,-4.41050720586307
0.8559292795992768,1.7869131368030782,3.021474945433857
-0.8571929905604252,0.49785047822923945,-1.5932391603915685
-1.441597189818869,-1.9666171566296382,-3.1169184368343386
2.249192815168492,0.7013559015636854,3.38179928407805
-1.537819645902755,-0.47279140772793404,-3.92201420993789
-1.2033421091985443,-1.0678237059868452,-2.947249856475704
-0.6461986042977158,-0.21797491465829505,0.7354979762123419
-0.9035570212573096,-1.0260044483072397,-0.38444042746008766
-1.3441927507801827,-0.72889122929114,-2.871239321288469
-0.3752372691481287,-0.6250392678492569,0.12694360326654675
-1.5440500363738199,-1.6866933107424134,-4.161889763970254
1.5937966599219944,0.8377870444945247,3.0614881815905433
0.1695248606373469,0.15337311783651522,0.2958673799010539
0.5167067090500497,-1.1381369370119476,-0.7253201951446361
-1.0292834470717465,1.2538149210699268,-1.6897391596968518
0.1134821690422663,0.42646422147681357,0.5877946816158341
0.4570542359674464,-0.2950714829922712,-0.29329324956701996
0.3666497873311748,0.8951256610450224,-0.4683428346519769
0.281036675439141,0.8781334875330422,3.8606980729668967
-0.7878057955785118,0.8215810816374872,-1.8056770994734033
-0.4221250533994738,0.688640254100091,-0.1863450261163192
-0.23872611120851608,0.5539176535375888,-0.8286860549278844
-0.8209447294328149,-0.06191171057672168,-0.11103794948827761
0.6720183570341813,-0.30596266373991676,0.876273948571327
1.6454716355663208,-0.3804710010123826,3.6412204575338465
1.1067679880697914,-0.6947069789205127,2.754402035080547
0.36046504536746476,-0.20791727801959878,0.12195657353009126
-0.4979265957253269,-1.2653963515682645,-2.0093552455395303
1.2266925179096893,2.1689559653385126,4.169469073309612
-0.4262256078991977,1.2079619983049905,0.8326458273509715
-0.07201546246563362,-1.1231085832033496,-0.26266287633910995
0.045600747431373795,-0.402884835299076,-1.2872486791789537
-2.4850198204395206,-0.46665535362321875,-4.28477153282745
2.1306265551077406,0.7799651183363179,3.748062247238799
-1.356572154780187,-0.08336906647182925,-2.9022156650437547
-2.5498820853605433,0.25331851399475486,-3.66040322219731
-0.008906498751762698,-0.02854675534870303,-1.670243125262708
0.09455115750024082,-0.04287045729131607,0.921577121517813
0.40257525397401595,1.3686022840144578,1.5087759570619064
0.07283331815034778,-0.22577098565926762,0.34812382593595737
-0.7299861566524775,1.5164706044295397,-0.7427922292357289
0.12787126288778194,-1.5487528042302212,-0.5112126924584229
1.5560717062338845,0.584613749636069,3.4400067033589816
-0.8015723103972076,0.12385424384461378,-1.9036164964694653
0.3706567069159718,0.21594156874397266,1.054050886159832
-0.15700847281921854,0.3796394827598821,-0.8171869695129415
-0.21148294048366567,-0.5023234531093023,-0.2593261867357878
0.8757462397594326,-0.3332073836694201,3.1258944090730236
-0.027804405491779205,-1.0185753831070885,-1.3042213461485284
1.6103036979377217,-1.0717912264755773,2.424688541224823
-0.2412320140535617,0.303528641404258,-0.9546838137480134
1.6164062267535406,0.4482097786294262,4.536206502533088
-0.43975429610277483,0.05300422673050414,-1.1967516789915833
0.04535783870143373,0.9222674678797376,1.3526928893643442
0.2879077784734538,2.0500846856271444,1.136042629972058
0.14059268016215284,-0.49103116605653524,-0.5082014954830663
-0.22621643588507268,-2.309168875640813,-0.3117931605503358
0.44688264414030643,1.0057385244622568,0.5493797136391405
0.3865651053411784,-0.7092007625823924,0.08351104279653382
-0.9883349273391415,-0.6880086164673579,-2.6572942742906185
0.06879289472169489,1.0255713696966988,1.4012306615566144
0.5667034451276682,-0.2847730070510088,3.16003840370893
0.6718632574418297,-1.2207177122545354,-0.3695656766367652
0.3927321466897741,0.18130347974915023,-0.02307972583940565
0.667722416784109,-0.13889136243904462,0.2570732565106091
0.8417904142345172,0.005764185899886934,0.40711451451905334
0.7248931154065812,0.38528040112633055,1.7486884846675192
-0.33491567701532965,-0.3706600317924094,-0.6330373807796679
0.028969046251055702,0.6443765485188332,-0.12192417980276948
0.5558478638405785,-0.22048656181875062,0.5378499172220125
-0.35584923444583094,0.3317819639156969,0.01760725800701335
0.19706794671716527,1.096839013149348,-1.3175458385741776
0.03874743904592064,0.4351814908338029,1.5159954952611348
-1.6845884824502804,-0.3259315855312268,-3.3581768294337615
0.67883118354226335,1.148807618451094,2.555966834095491
0.8680579993648345,0.9935038559621194,1.953398662506049
0.10341572081428817,0.5483969595080698,0.3980187566308916
1.8656867204778012,0.23873173511144125,3.5165859960076893
-0.36415419198104715,-0.6279060760393714,-1.476861028322332
0.9869949713432882,1.3606524485300073,3.389931597313167
0.35252025209409216,-0.6002595871471267,0.6106326929555475
1.440878955755171,2.1873329930165775,2.3197478950040935
0.8774952746719568,1.5326106261851893,2.627000845735848
-0.2619906881942887,-0.23570035910047693,-1.4895448390615118
0.25542697906846173,-1.0264209003067806,-1.9564315150574467
0.04040037170341357,-0.710406563699301,-0.2520939773485148
0.3205872529149983,0.2568837091565295,0.6186491869379114
0.645582686376407,-0.24669187846237364,1.672574436946728
0.6684702004157932,-0.3475425993977331,2.6026675898636125
-0.29400843445573166,-0.9516185672650157,0.03784545785688509
-0.40257747242442743,-0.04502772480892027,-1.5862861118760745
1.0927620132905687,-0.7849044694570758,2.515745558940129
-0.44737002871421905,-1.6679419365881367,-1.3188590283612274
-0.4903331140519972,-0.38022652028776244,-0.5949254956450625
-0.6705393641599733,0.9189966090607662,-1.4554997010012616
0.09738539452695194,-0.5753469626083918,-0.6510067621492479
0.5695398839920106,0.6079643222250333,2.3486367803717583
-1.6234174136580521,-1.617882708289164,-3.621338127593198
-1.3650230791919347,-0.055561965524539424,-2.0712065969624924
0.3400192807216528,0.5194072039434623,0.19401135295554228
-0.7285536466809922,0.3011533621667144,-4.134570855622735
1.3803181582277544,0.10567619414894332,2.3240432617594284
-1.2994112065646197,-0.6407060083053765,-2.647509002975008
-1.8038144183131872,-0.8497043460335821,-1.8530480837669931
-0.37708657729186984,-1.0241287906049132,-1.0924114265403253
0.5032990695515535,0.11764659710012589,-1.237275890337992
-0.1273612385057015,-0.9474746141848022,-1.0202239495728473
-0.26802687039499284,-0.4905574437006684,-1.6720287233633424
0.3019731676672693,-0.25609219219824725,1.0304110525945847
-0.21522704237404444,1.8438620052322074,-0.13259009904734348
0.03140696293416953,-0.6519499016954583,0.5094854436918343
-0.763071295086841,0.23538657228485685,-0.5538085271573444
-0.7810065998568685,0.07796084956371077,-2.4655742594207974
-0.18184152164716805,-0.9618566341301289,0.4045968338383654
0.39007248267799793,-0.07130808612359868,0.03696214640023787
-0.43575630751724653,1.4445508584233488,-0.6211247332820156
-1.4155263365557353,0.45150405307921465,-3.0549136388451053
-1.0139801010777327,0.04123292199293993,-4.118592856925312
-2.126952037557433,-0.4224968323396248,-4.738115174698516
-0.4869569811290654,-2.0532472215405155,-3.662495518300686
0.9241699342873242,1.1313372134141755,0.6905905901846212
1.3637371238960274,-1.460640070924822,2.4896509343589233
-0.6727441281240089,0.7399475108773347,-0.7885797727217465
0.10019325797368528,1.9091035692174834,1.4558136593857725
-0.541676749111442,-1.4438931609717993,-2.179309365611307
0.448118335318651,0.7017843353747109,1.6041076822896176
-0.8770075612014513,-0.26219748940246806,-0.6852995964490558
0.4576889319198319,-1.5721441591454879,-0.015386803877206368
-0.8340894562702305,-1.5146676537817514,-1.5572171607646688
0.5047097224162611,-1.6015361735745934,-1.139709515569141
-1.788490263878731,-0.530906522170303,-4.119314949864343
-0.6007613408283792,-1.4617555849958999,-1.6485230244848657
0.5521497628149564,0.6879167729758275,1.8208849272780494
0.1378417577823443,2.1001089405256717,-0.026295677814187846
-0.864795912631832,-1.2870304760351792,-2.3731471485771727
-0.40141260586751804,0.7877388474751779,-0.4486806400949097
0.3341333791415487,0.76904224100091,1.8030188314490319
1.3619591329467158,0.3322025789501177,3.618875168781944
-1.3268120938496577,-1.0083766082770078,-3.1208033587646904
-0.13483924103827571,-0.11945260663065865,-0.01363194476532148
-0.5666854651864098,-0.2803953351702467,-0.9290694094300455
1.5821000814408037,0.5629895332204798,2.5503100581503726
1.8159965555707525,-0.37243875610382915,5.902113854360524
0.7938251438447645,0.9769733866856207,2.0899579204205176
-0.046063382217431656,-0.37458085776701383,0.276455810554154
1.6820632426619933,1.052711465579332,2.34855199347329
-0.7763682336379824,-1.049177006666066,-2.103720076608335
-0.43486695489778865,-1.2601552447581121,-1.4262838037744014
2.022540559628186,3.2410399349424046,5.8243606048448875
-0.01934354105063997,-0.41685758816043184,0.32723287508918336
-0.3859445691758372,0.2982275915407154,-0.8874162531985228
0.3759572540555769,0.6365696740338486,1.425020812871371
-0.5927680132196125,-0.4837806257087435,-0.9503982720542301
2.0249770361808554,0.5168620443136092,5.2483012299041025
-0.2725342488771644,0.36896452738508606,0.7008116020278473
0.8761484300631707,-0.21538050764169347,2.192962049194228
0.020728289455616406,0.06529303352531526,-1.0900703395757414
1.3201308606131477,-0.034067253738464,2.3206299003475537
1.5692599170162467,2.128451899016181,3.410631185209391
-0.8711577564369463,-0.7413360962728284,-0.43341698420306285
-0.046741284650257675,-1.095996267074664,-0.6338319943838254
-0.1344799083781692,0.037788399171078804,-0.9085146416062433
0.595927082986232,0.31048074944313697,3.261080287571657
0.08459613305665524,0.436523478910183,1.8695090888324604
0.3328250534450842,-0.4583653327111057,0.4143480090577411
-0.43597694427187306,-1.063326133971191,-0.680247604672736
1.3345979554287402,1.26318517608949,1.9074811528608064
0.20827182684186862,-0.34965038795355474,0.8967161353030398
-1.575519285650899,-0.8655128626533742,-3.9739765079317566
-0.09161355011989178,-0.23627956894109658,-0.3984210007987181
-0.39581567303793647,-0.1971758943485522,-1.6882005440033745
1.4494128255568675,1.1099202897136407,1.1034163068107454
-1.1262481492015781,0.08473729219719643,-3.626121319406781
-1.81877883214652,0.7540537851845215,-2.5690236073470354
0.31788772449567504,-0.49929201717226085,-0.8635361128561598
1.0062956569971493,0.21444530958160127,1.4786824307649669
0.35550458266945406,-0.3246859114908347,-0.34222894807955573
1.381157708966923,0.09458352817357144,2.645769087038672
0.6333466803117374,-0.8953633579775416,1.591593218994781
-1.3235505915791759,-1.310801533327972,-3.3796119791713592
1.5296890097712144,1.9972133847479665,2.6990468074260137
-0.4085639937372375,0.6007088236724176,-0.04304914975274621
0.7297061495579205,-1.2512713616249438,1.1983063515564736
0.8095321326282129,-0.6111659166804208,2.869721515888581
-0.40543206552489447,-1.1854800845973106,-1.2540675331958742
1.7275802630116956,2.1988103488837196,5.122695655848228
0.12582637073917818,1.3124129764335104,0.2637432581253562
0.9314620820734323,-0.26514505669635297,2.7184708071188517
-2.14347633242073,0.5431940592320893,-4.01976128069522
-1.1756942635139727,-0.4143399479188598,-3.010544891623437
0.004683356167216296,-0.47624689461557823,-0.06272567892888231
-0.7472405210832997,-0.7886028378502425,-1.4908800882019069
-2.846343416830043,-0.594617267459511,-4.181424080152074
-0.3399583841765791,1.6509074673366901,0.8395046489486186
1.5977501482678358,-0.054028125085440484,2.759552784625707
-1.1730053191441068,0.11924523642758415,-2.347223773934251
0.24004427003979698,0.2436874295990919,1.3181713063189275
-0.12415588167813224,1.2324758784853378,-1.3793947862182674
-0.13650314752428824,-0.51606383094478,-0.21381113156502965
-0.47511709281453235,-0.9925071503920374,-1.0032387921160717
0.3667948415792007,1.6756969324031898,2.4132261867688714
-0.25485712024138163,-0.4411632169052855,-0.008734817934444639
-2.3939133804068997,-0.7230659699398737,-4.230801558556733
-0.37032235103986416,-1.236273118883293,-0.7068194808684238
-0.2570627518468689,-1.2847157223177965,-0.015546247283157899
0.24014464379523204,-0.5739734792979869,2.8232513471534717
1.5526349180764343,0.6179858171665283,3.419795266097103
0.3697145818777614,1.1098481389297183,2.0165556816985206
0.4830484021425431,0.707588353835588,2.332185382017559
-1.5367534989032454,-0.36365729709525246,-4.438997192013619
0.11749966214104703,0.059749937384600695,0.17772877191266884
-1.7668308174616796,-0.7045964636800701,-4.122956644086974
1.783323856551201,-0.7172181615740099,2.5421231371886854
-0.09162741915472788,0.88465049897692,-0.70827771158881
0.04748311644528519,-1.0155925786035445,-0.8383996493453325
1.0279239880776971,1.9552939654924641,2.0045494590385284
-1.3345888599444797,-0.09031959396585158,-1.7764431626533193
0.5312425053884341,0.21453882662921633,1.806908286205939
-1.294458256387689,-0.7385277047395734,-2.8864352357141096
0.2861890605642212,-0.5743886897632694,0.4136732993632037
-1.0139099305742476,-1.3170161323052418,-0.5556642793253517
-0.7348150080364274,-0.18292538837272732,-2.8589772691859925
0.5399009035747555,0.418982404924464,1.3879925261179602
0.4637185889953355,0.32430434416138,1.6759837227195802
-0.4833676106118561,-0.7815364870547513,-0.941537314812925
-0.9729160157789194,-0.7886219708540018,-2.6269959431658108
0.04334613993200448,-0.5021987183428609,0.3940924054626297
0.40006441907381984,1.4960606698463506,1.0579320441676536
0.6183093936732263,-1.137303620665745,0.28471952149204405
-0.6857994142215306,-0.1790515943801984,-1.434897840685318
0.4476410724863038,1.902361821678927,1.6474574187554831
2.2404907512035614,-0.1009748853288084,4.477688475277882
-1.6918686367762685,-1.3598407038213938,-2.609498468029299
0.11782059177803736,-0.6647694352740623,0.9619983298442206
0.5562885079025581,0.48545997890487813,2.099224829759133
-0.5615713613892779,-0.37560287166977346,-1.8984344528211363
-0.8782389720936725,-0.5618763635497831,-1.0283517129859285
-1.5603792312790825,-0.34391723412845926,-3.1710289013678734
-1.3904474558622646,0.09049664713922116,-1.9079283441129458
0.21553194082303018,1.598508771145826,1.2657103941648022
1.2262172754041314,-0.08856511213888398,1.9822784291162878
0.3779475329440835,1.0807994961515173,1.2769905455312034
1.7349459418196331,0.6307541156505666,3.109258122555434
-0.6363282574164277,-0.11363989550614068,-1.6270519977402516
0.11873199936413104,-1.5329020028905982,1.4770107996466608
-0.03193658942990085,-0.5211173175525201,1.1898454765433846
0.21568895498068852,-0.4898704531384744,-0.13386961378519463
0.2195478677373807,0.04715443276152722,-0.03471698148828356
1.1677871769207098,1.3001986776668206,3.9346808801507644
0.6801918607090129,2.293078973831094,2.03629130384532
1.4327766668180932,1.5475810589837693,3.6659026062296
0.450239628133549,-0.13315096432894447,0.7978980256549937
-0.5364955390009493,-1.7565273955576373,-0.42036792932478795
-0.22944394675929697,-0.38877986407174336,-0.28418456278308957
-1.249909044272047,0.08920722307329454,-2.710847462308581
-0.3950966977989217,0.845013004067436,0.3272898972714021
0.02545082756565603,0.962527968484271,1.2839536142539807
1.140927137894176,0.6843094294164644,2.9889805450207914
0.3727367141066362,-1.3952743497994673,1.843801946252945
-0.551382099086516,0.8496430456333551,-1.2560380852181374
-0.6102898882193761,-0.44655721642722235,-1.54945332872391
1.789580209075324,0.17480270016125565,3.1920727641875724
-1.3901517415440958,0.07455117717373456,-1.846811690840259
0.3078020926678844,0.4281667649705055,0.70900303056363
0.2850584544224344,0.02467498282613994,0.33831823054802423
-1.001945752683395,-1.667475097585663,-5.486829658232882
-1.151541669647178,0.736495964773442,-1.9514535352126512
-0.2777094806212237,0.3860265683496758,-0.5967489633392957
2.608828842985859,-0.2656516252782224,7.898438216299329
-0.074323424209046,0.11814451104668068,-1.2397801387275993
-0.1829093725946246,0.13403864536846333,0.49416014807191816
0.24567276885607853,0.22101946856100219,1.1282144792119584
-0.6765620904145548,1.640846165977486,-0.8840915019252827
0.6854814135198479,-0.2190503789334758,1.715031384623434
0.7698157181482405,0.1680653838846575,2.466329067720385
0.0023699865162797318,1.168383873069093,0.14925572123103373
0.3755881529474736,1.054181023376919,0.4458567824650107
-0.1614595449701126,1.1452631103803572,-0.5947403120078052
0.516651331109506,-0.5774680010595569,-1.3279904803020162
-1.0580339542344517,2.0024827302928294,-1.7502346661206025
-0.20224073695468492,0.06670087093018298,-0.39810590159300685
1.1834772085777316,1.8668518447068625,4.281245931286377
1.2820656325352817,-1.3509026860307114,2.6886761553681575
-0.902206425601846,0.020983586354237478,-0.9278884001868765
-0.743647725069093,1.2499145709692154,-2.2534057180113214
-0.3227836662321655,-0.7152421872227961,-0.35231049672738857
-0.2833259259938979,-0.752688968217742,-1.6069365462571206
0.4764806408333467,-0.9385387036068936,0.9467804129432289
-0.430142090815314,-1.0525132793387364,0.496481936324386
-0.7051661433836787,-0.43715953318039874,-2.8551688987349597
1.989292997151552,0.33117917295898186,4.0606429597370575
-0.9334161893676797,-2.01421049792072,-2.547183068958598
0.9444719731930508,0.21198043337229178,2.570014531397793
1.115418851584245,1.2366750464165703,4.6375746077200395
0.17152949788432126,2.037574018240435,-1.2482281771093193
2.05278915603591,1.3011759922005868,5.662550455968785
-0.9287662176101439,0.7567747637959615,-2.3390978084158904
-1.4557578585145472,-1.72673039911433,-3.3431131530766107
0.986669786642772,-0.6015067080067817,2.8774345993066825
-1.6630721764167744,-0.3520464565826168,-1.9022567912366837
0.8484143697112405,0.7035239027568944,3.3762400262105396
0.1657481152654562,-0.10567133400377447,2.067255475507167
0.3618787323446542,-1.2586486280601716,-1.7361199083776513
1.286766604748427,1.6844357080941148,2.5266564116757118
-0.3921335314468168,0.9113912917959627,-0.8257178953435991
-0.6131932276556789,0.23743027249102577,-0.5808610363117821
1.179728196677381,1.2181086103258116,1.8025529201297452
0.4867517401632616,-1.3387742872349728,0.1159738971164847
-0.915425644149631,0.6608202977898004,-1.6599852286062644
-1.3887654072095603,-0.522912376313422,-4.7590684829705445
-0.8695361644341022,0.6837455218507125,-1.1498764700791653
-0.03302564668745583,-0.06082195466007423,-0.1365461417502852
0.16882785002286538,0.6329607130314507,1.5190581489522281
2.7282471687959586,1.3355176150593921,4.809198710758255
0.5397656448647115,0.007290090316898795,1.004153115871135
0.1543338284259614,1.0175586369520921,1.742349622488363
-0.8844704100438234,-1.188434035147979,-3.9660542442173785
-0.7515378058315934,-0.7216044404360153,-0.9671888994243335
-0.16410593967829512,1.5192177113881782,0.04436100484586766
-0.980930762677294,0.3773879730239295,-3.156229237171748
-0.44090243514574756,-2.0522228204337303,-2.233927052715886
-3.5983973420597417,-1.3640374520823755,-8.502832624363252
-1.2296785465435172,-0.20078101558912123,-2.295167081182601
1.2512973211470828,0.865779404334488,4.343277175062883
0.11863195162004468,-0.10188325571522248,0.4457786910047896
0.7418873120295281,0.6241874720206528,1.1320239155131153
-0.30198908914724315,0.9590053777878251,-0.628758008352001
1.9108810018653295,1.6710548288629392,4.7905585499259535
-0.28063865743764954,0.056016733274961934,-0.4606656492029976
0.5717602411952762,-0.05198190618089897,1.72361007324815
-0.5122979310240404,-1.7532373591422694,-1.420551220150521
0.5088927951028664,0.0993275940878275,1.086860989736199
-0.6130088698967658,-0.5718500578955633,-2.554692996763241
0.951804930654728,-0.9740095828040912,0.44391162795385863
-0.5716056037448045,-0.1799062310475403,-2.1834071122327976
3.1644195856625723,1.0149431727436575,6.583651867321915
-0.7595532816700723,-1.9927484886885827,-2.2048473050234834
-0.0020572923558798417,-0.4272792872054286,1.9982799408401644
-0.5851524176772527,0.11663728358270642,0.05815439004125733
0.465066353990591,-0.8932075700549531,1.842991844704904
0.28905036284492464,0.3339029424992251,1.3813710918037923
0.7587603014230297,0.4114299206157307,1.3361614992050967
0.7032598615123383,-0.033036159275991746,1.796103881512711
-1.5086571995772236,-2.4658981937600273,-3.8396509400294323
1.5973038207330994,2.5714581458666372,3.0478528721202083
-1.2514771550419659,-0.2052992574681995,-2.2418739461925226
0.3487210129469347,0.6511932815876702,0.061825030406504555
0.9947521146680549,0.273766491036548,4.44145098932215
-1.284062454664437,1.0246732348183503,-2.5611794538513966
-0.19610177468050488,0.8176594463740879,-0.1736398565546818
-0.46589890411625756,-0.20979317122850868,-2.1883965610261935
-1.948852386500309,0.378167772208507,-5.082844590803905
-0.4861875255354977,-0.9454088311238928,-0.5906946602016447
1.6646655928402878,0.8569230108993184,4.106942789773703
-1.5457055706605478,-0.46103833888435414,-1.935386851447195
-0.37441969803102615,2.416773353788211,-0.8622450400735888
-0.8883901617638144,-1.6510488956881875,-2.7910702041465427
-0.1986592172772315,-0.46398724296601485,1.8005457012024968
0.3525393660850071,0.8253798627592426,1.7764427501748186
0.3420349821618994,0.5101325468786635,0.8693855260756327
-0.4550467631022447,-0.5894810385150003,-1.5286835668459051
2.0601626946924743,-0.9967807422075223,3.3137986661817225
-0.4042918274369733,0.1444757047106966,-1.4999790304417273
-1.339648923738929,-0.014307413166913386,-1.8369204362463805
-2.1018658571934328,-1.7902812372640604,-4.92645644763437
-0.18911423696698187,0.034551067133851025,-0.5968478339058693
-0.48261462185953086,0.19023031569245707,-2.0229954120194957
1.101986639449202,0.17472639698184153,4.09765311160764
-0.5036965443628068,-1.055017042602682,-0.9118157581669478
0.22204204317041287,0.4761332783026289,-0.10796057175642326
-1.2040819578884272,1.3785701369592405,-2.1441641095698727
-0.10306706236165064,0.4562364031798126,-0.8876053828805622
-0.6125634647152938,-1.1355884703743433,-1.9852371940761149
-1.5337301499310616,-0.4356454696919051,-4.017559853867096
-0.8091205641624138,0.3461036195536068,-0.6483342874030735
-1.067305244084763,-0.6470456313182689,-1.5296492525049863
0.1798992773382012,-2.157646335015277,0.6002470091108411
0.8233021285226618,0.884250820028209,1.6598188526009707
0.44558166648774944,-0.829477611624518,0.08153597537184387
1.2337534495035236,-0.5735602707682829,-0.968922474816527
0.12977559219551899,1.503900609004535,1.3912050116551913
0.9508134312696419,-0.774144929605405,0.7408213507116824
-0.012015211544810722,0.8457315401892959,1.947602382433148
0.7779750047963219,-1.260682878818775,0.9439335832063993
-1.359408745017247,-0.35454240307397766,-2.702648986134748
-0.6262697665846405,-0.07355601913647834,-0.3217751759647087
0.5628205334388647,-1.1686514244243555,0.10999461686179812
1.4670318684001726,-0.6347482649089095,3.186501036222341
-0.04753004971300037,-0.028841552928314446,1.0787432616549133
-0.1300826615639048,0.67069596873393,0.16224816266865608
0.13090287779428134,-1.6505465434251096,1.5916108689069115
-0.22556985636523175,-0.3497542392112684,-0.9678665828543702
0.2405476299481415,0.7564064385454837,1.5527038055079545
0.0905707364535818,-0.5388091599775925,0.7434975689437435
1.1576937164496854,0.22729192167294204,2.6070346619334277
-0.9178973291468796,0.4922285700644312,-0.3876349551434053
-0.36090430423052317,0.26783501533168314,-0.7832030392790306
0.7962969502533983,0.6532576794713815,1.6256283799656934
-2.180570498571228,-0.12270866097738005,-4.265966774592938
1.1713401996053587,-0.41367651359212027,2.902119080726827
-1.441544386621853,-2.643148952028979,-4.56385498702348
-1.0722447786336013,-0.09294101847947203,-3.422999088383059
0.29666174614624663,0.43028469635998706,-0.2799912651814688
2.394397065851977,0.5353988408681499,4.440122790477994
-0.8388654383588194,-0.5552783513132518,-0.9799237481265961
-0.9607654461125297,1.779502909775149,-1.0000605387760795
-0.047232772575603446,0.28642441962882476,0.06491748708657427
1.2081285414032872,0.12631585845888565,3.2616625451009624
0.10456974594139118,1.272266779468519,1.669559172873634
0.3841957782741884,-0.7184662213192593,-1.0175071633484905
1.0215074779203481,-0.4503386239247119,1.786444243822995
-0.9946010957418258,2.3974524800497625,-1.48076667262849
0.6034127315108325,0.01112918722088795,2.5063646118134217
-0.027001727705740275,1.6335684214083066,0.041905268921106076
-0.4911444543419722,-1.4385066449145232,-1.273096989517216
2.1878551720301007,-0.19051680204290145,5.457420224516562
0.3657954999537271,0.3784239036368318,2.28215259016016
0.9007904640491341,0.30003854520579754,2.669229893688014
-1.2913486311490567,-1.0056362595108368,-2.9356860577164476
0.4359555073254947,0.019259274625370804,1.2250876783762685
-0.44679430414224097,-1.0774206531119819,-3.309372700090765
-0.018118340130746452,0.7127033252442824,-1.2037171199388632
0.8833801839534795,1.084775089860646,0.433821076677706
-2.1717916786675637,-2.2249876964874127,-3.953800496537072
1.7612358077190315,1.2356934623001432,4.687479026512941
1.910322657225687,-1.241044496808491,4.554689177471104
-0.30476980008511845,0.454769268982633,0.26673991267811636
0.7167753652817066,0.6599026381426082,1.438877186385107
1.9938942033375704,-0.1998898281014332,4.431524766021382
-1.0755932843574985,-0.6451139568597917,-1.6961296348456294
0.09672278578319743,0.16532102124205025,1.5043796388813109
2.4402802464439617,0.43881870071445367,4.242028809476802
-0.66026962338646,0.8833028199487049,-0.7038486050056902
0.339777726353202,-2.0523369839019527,-1.2418786514203708
-0.01741277016429421,-1.6363792680590246,-2.368666051574863
0.0659912454183535,1.4304023411881832,-0.9549437091611012
0.6758423326148789,1.0466288471115466,-0.2591821408496824
-0.2016054072216213,0.43528894890768205,-1.1480757025639048
0.9749381811979778,0.7151784071110603,0.8968844103793427
-0.23441700992263487,0.9171749176410033,1.6271515480361043
-2.555429160707206,-2.6609227984656814,-5.138751418471806
1.1462808467977688,1.11027709663882,2.3803894181042358
0.9868310419151102,-0.4849875965623248,1.4296250477274353
0.18072401266897067,0.23061683063120178,1.9025129897157913
-0.9186739792286273,-0.29515780088357724,-1.6674466653090019
-0.22100052649835572,0.8719649540787441,-0.9540230643632064
-1.4217260481797624,-0.3484724489556109,-3.0740782485203497
-1.2318248849753517,0.5185037658882479,-2.2655408254146554
1.015187959861049,-0.39068497863897905,1.8033360022308123
-2.3863506895924957,-1.0927872091015056,-2.8757367231424094
0.9216966522128566,1.2100105104402648,3.180816682391553
-0.1619050246752103,0.7409000112742741,0.488684315670719
-0.8083768834450548,1.7242622391564528,-1.6157907657040118
-0.21296132980493748,0.06515393257930319,1.141330708895971
0.14844952441086337,1.1250027458281737,1.4566013872397763
1.7949273930561254,1.9754190540190781,2.51248342621324
2.314388598438432,-0.28148211503896664,3.863135502216866
1.4260236577726833,-1.3229511127552156,4.074559088328659
1.5551859940871615,-0.2393515671381162,1.17097606271086
1.551673987392266,-0.2140412399853833,2.598382695522155
0.9742395480590758,0.15168050450931972,2.1288047878165366
0.05917507586104803,1.7123049773192824,-0.501523287984966
0.07332975686203418,-0.32614389250534814,1.309584263757286
-1.4186938623637058,0.3730046558049155,-3.2700110861791822
-0.8461378953216956,-0.2276840648955312,-2.1614039728765895
-0.866899302235902,0.020450708525032547,-3.3289309553486883
-0.9959540033324846,0.3140576635062623,-1.8781100267663366
1.8111203004628058,1.3282146960369863,3.4344821040083677
0.5364434758564247,0.12131837749077805,0.6663525286980454
0.4783597507405106,0.7128423200311133,0.9524964416793742
0.2223313809526511,0.7788600297835346,1.8060131981052034
1.260367272913202,0.9147732708556344,2.1257597757826856
0.7123194029430802,-0.5743945521843833,0.6138393134530942
-0.41679749932075894,1.626881214194677,-0.26612250340829624
-2.118111373222636,-0.3809567392940129,-4.015041191396632
-1.2102096873478623,-0.10578416764975175,-4.280342671504931
-0.07365603871459253,1.4040502677141713,-1.0947411700209253
0.3849822399776691,1.2940839061455802,1.2022532728768252
1.1764082651402226,-1.089991872411238,2.8998064219165727
0.37284803474980033,-0.8730710004174637,0.6928004210802345
0.27802095079628214,-1.3580790593706145,-0.464373462850819
0.8650324573564048,0.18184719261983215,1.5751714679256852
-0.08097350663487408,0.1648408679184661,0.8573644082201871
-0.9648487606525856,0.36411468735506286,-1.057593514892817
-0.7318959404403373,0.5521577142185579,-2.4510236292733003
-1.5377984861591925,-0.6018928459850165,-2.2698481745032235
-1.5908073835144951,-0.9936985910987143,-4.14269169523129
-1.2091717895070242,1.0267850560749041,-1.5335869669159112
1.0844944215256964,0.7510613026063232,2.256469467603612
-1.6673674949750812,-1.509166537328701,-3.9556616878229325
0.5905111454089657,-0.09514745084928676,1.7286710443753852
2.0765955838523,-0.8959478227564988,6.367974057985387
-0.8192532336477599,-2.0707510705419643,-2.2919050119234288
-0.1389716317198948,0.15012013118814338,-1.0424453504561149
0.8149740149784064,-0.07921170925858825,2.644283158791787
-0.04371832624242652,-0.09736926751308098,-0.42477766842101905
-0.6989874690649864,0.21615254180123264,-1.3769531534448542
-1.154798793031931,0.8824651643965872,-2.980286162718931
0.15499112083632022,0.20559750448338665,0.8071372252980199
-0.6120812558949358,-0.6164358428735283,-2.8430697973840253
0.17192769243363912,-0.734799251921281,-1.0609592614822352
0.24247300032422914,-0.131802793041181,0.9123832541257519
1.3910334917936034,0.31001698657895177,4.247522790056371
0.28831473339443003,-1.0396803527020415,1.1561156955280893
1.0811186317977097,-0.18430886884238382,2.8627618593565534
0.359854590615841,0.9672672601679138,-0.5497223939334297
0.7834346736153504,-0.10828009123448615,1.9898065787435226
-0.45684098469601575,-0.6984206675943903,-1.8452293602553165
-0.23642045721630117,-0.2759451684255396,-0.4915933034549131
0.40907550530020614,1.11464854536198,2.4903617045516935
-0.9452504288320501,0.550043961214136,-3.2657948826592302
-0.8345817447006105,1.2366758000816054,-0.41283794649586403
-0.24893186741684598,0.13909785716177106,-2.279370514427055
-1.2785630144313183,0.4102750964904251,-3.813113395362339
-0.0718544851965438,-0.5584569123481329,-0.08730578964030275
0.9799277991754876,0.605370668930333,3.7752638378649572
-1.0343461885542378,-0.5063335421892394,-2.7820406578447163
-0.3741805926862668,-1.4205655046957444,-2.0773781153593553
-1.5025844040975918,0.1279929656841258,-2.987116679630362
1.518631090985723,1.9458512177314355,4.618233539743956
-0.11690020044457239,0.8009143395730616,0.8595276886123265
1.8800946292439442,1.1652533899462603,4.01953349740011
0.14946615299417643,0.35885572309315217,1.4108237514564959
1.677292594302441,-0.6085571783162244,3.35358407765784
0.27421443059791,-0.20224085511028372,0.41088553790370175
-0.2716393062534076,-0.27324810681192524,-0.5819216981714919
0.8714550614611655,-0.46869977978208716,2.7423118548902705
0.7411994991829591,0.7041672839297158,0.8955968053359944
-0.914729024124324,-1.197363502365412,-3.207900281562172
0.9621598639097664,0.8663661321127735,1.8739606985108193
0.8901194536477787,0.8641524862258932,1.9294967723623702
0.013330965991077248,-1.1986223590687486,0.24082193069334706
-0.16461598155492704,0.6394919979005338,0.26028400053642564
0.6788413951299902,2.4302266523445084,3.867089897169194
0.7116981643255083,-0.5572154819416083,0.9686227259381897
1.3781587576611485,0.8449042414080716,4.916593503821236
0.06323069065974701,-0.7822018456194034,1.2955822662777674
-0.4736614301742313,1.1107114182028008,0.22299461684169053
0.828760303609412,0.2498247199265625,2.0415529681441376
0.6454679705896366,1.6519153916231646,1.994196024892748
0.6996804132180079,-1.4589707285369156,-0.8919914148653472
-1.6168154158444987,-0.051297886125361236,-4.761332732009821
-0.9022377063538111,-0.5269251761255977,-2.753166225069008
0.4734769806149095,-0.19726486907629912,0.9715412989151913
-1.54180860583503,-0.6295787426860049,-2.013140263395487
2.4985380954324183,-0.8338435805350006,3.790347928860703
-0.6781803460264285,0.5787223746164498,-0.8756466344014388
0.12093649640440363,-1.087580714076927,-2.2521151203219696
-1.2827649755396093,1.4840309315562832,0.3325151099119341
1.8491894695295028,-1.1862065853137505,3.14797481027733
0.7561391767008799,0.10107915139527965,-0.34994535645659197
-0.3540103127462053,0.5329892868264807,0.4948241165513211
0.43715231632919016,0.5867353390926253,2.2821476521103783
-0.8010011636114754,-0.3017466638663803,-0.9194405006805414
-1.695597915354216,0.07950199532840103,-2.431349560470724
-0.8010795572089842,0.9612641518096774,-1.5287100372703744
-1.3483590634643672,-1.4564659170764258,-1.8119455974843641
0.9068229828634959,-0.781739711532082,1.3451443633540399
0.5623294825419631,0.3204023143166103,-0.677458542109856
-0.5038229015355095,-0.44478197833699157,0.758616936343778
0.15474333671597046,1.3700039939709998,1.9123413431428677
1.2742416243559624,0.6732538633548355,3.4848295484143095
-0.9825532287555547,0.07216675241475583,-3.2145711752260704
0.14707610743477534,-1.50775731753668,0.7664356662434979
-0.9265353441284973,0.026100225326241795,-1.9810384398267868
0.6217290355718843,-0.31641586819699313,2.3181650565946965
1.2262363089335437,-0.10234651352059781,4.385462554681993
-0.7918439646183425,-1.1815592270556854,-2.4427439989162405
0.6064271007953437,0.49865804382992457,1.8919120873642652
-2.5172438216496404,-1.038956440307033,-3.980070560897425
0.25597873915873703,-0.22622198144240965,1.5483774289680805
0.42882726439687496,0.3814258294513523,1.0228472162720694
0.19057864234139377,-0.7835157890130479,-0.42296058671090936
1.3912315552987602,0.5829914056800645,3.58663172949023
-1.348515544961889,-1.3165104016516924,-2.40999628529132
0.5564432030749642,-2.8097746789605416,-0.5583855503746817
-0.8211865146917678,0.46496799078585255,-3.072914741473106
-1.3828026114231637,0.8405398269609998,-1.954387763370327
2.120158644281318,-0.2858454235913839,4.133230556616365
0.9676761320813967,0.5041262545916082,1.335420328432316
0.41669994792075754,-1.1559165250836714,0.49015858658859024
0.5930723745928497,-0.1271486068256622,2.1547352829447872
-0.7911671679992928,-1.9415183760406178,-1.879136225923068
1.3630320783323542,1.1811808914385218,2.880817878125127
1.9939409626265685,1.859910861543161,3.8377255217445825
-1.2394853740848626,1.07401226028199,-2.104035427190488
-1.1512304509781848,-0.027346966413741798,-2.556221169263432
-0.732595695943287,-0.033330342275919266,-1.4403825812634408
0.07101134731158337,-1.516067623151099,0.5058787870451209
-2.1070279858019796,0.7903853438882279,-2.9421406886763557
-0.2206497347469803,-0.21073418069177566,-1.9125857267424402
-1.6478736858943055,-0.6567429253610755,-2.9470056242764713
-0.7687994382705483,-1.4120257926583089,-2.340052112314075
-1.6969192223972298,-0.29976249664627214,-2.8718822583848986
0.9157337126614216,-0.8490611350167082,-0.5767247656820536
-0.3951442577088978,-0.39703052032783664,1.6548607419682382
-0.5599858583251751,-1.2175999877635977,-1.5268295209464964
1.9983720389261346,1.687589482945698,4.2944337294610015
-0.8696156552331488,-0.01600252720796886,-1.4723800931872768
-1.2240770814391,1.074945077272386,-3.0185231535413886
-1.3998746522843417,-2.601699670257652,-3.5526515939689283
-0.7886812714638014,-0.4531978299948375,-1.2797497138082263
0.1477119269309649,-0.6754822915920711,-0.24170546280201455
-0.6826597264725162,-1.222926179365913,-0.8125293066750736
-0.9472103789301235,1.546609154224095,-1.8980100727875213
-0.6085646268452909,-1.4152819197694901,-1.0605838329269321
0.6920636601058541,0.3183902604080251,1.2124974469103325
-1.089489210975389,0.8464362855796922,-3.7097313430037318
1.054432210713353,0.1781901884180231,2.4746527252125223
0.4449534384317057,-0.8752554774955156,0.7442226640551438
1.7828303617825183,0.9411658067241672,4.59665122764221
-0.27668249589780347,0.17058808184083793,1.11234869415483
0.10355907905134643,-1.0634979063820431,-0.0759082886868736
-1.2896072861678332,-1.3880490476020613,-1.7648805092483624
0.36941097772599374,2.0867174344931474,1.4032970795697637
-1.257423018555291,-0.6785031454184369,-3.2304899240847478
0.5188079462687032,-1.8555716539180402,0.003817819477243245
-1.2882821755828822,0.5332593627536523,-1.4452204671686764
0.70775679237965206,0.31023025606089555,1.5468971061803014
-1.08979596715534,-1.3538343357225981,-1.8188792882540734
-1.6308278270347274,-1.94295641358195,-3.7325829941711524
1.4260269164684447,-0.11630251715860554,1.8747903694082133
0.4487771176126842,1.1393962917094222,1.3602143900367647
0.5241475805599214,0.6361240351821484,0.32650752280204476
0.046628042862048524,-0.4929374241619775,-2.0747425582222347
0.4023223454721861,-0.8341882315843776,-0.3399545279627957
1.5562384067412194,0.27106675675054503,1.7194281405760636
0.10923239035484547,0.15735334721615757,-0.9358007577390998
1.4098247186674273,0.6297117466927278,2.2823661556694352
-2.4661218738578996,-0.39579795028889636,-4.257837809350945
0.8999218423273923,0.8993540532030995,1.653420717142965
0.17360473956302402,-0.8308115273362484,-0.36951028543482406
0.08172415486478504,-0.33054470011996306,-1.054345280072709
0.3493437944805329,0.7408145237259045,0.771790764832855
-0.16063390813502398,0.9899716086271129,0.9321306098993047
-1.2046274783407198,-1.9385047014533792,-2.212217179622292
1.1278046688100494,0.10719040701615293,3.0427513985443424
-0.0040230718282038,0.60877901173463,0.6285697622444439
0.7462335154765143,-1.4508243134906313,-0.13338502031831467
-0.24275111510881728,0.48062559987521725,-0.07702284844490909
-1.2619334648181664,-0.828174270396797,-3.3809339247691317
1.7526380394236036,1.0202530121644289,3.6260184120520336
0.0630544836252522,0.538482032102641,1.456884019123444
1.4479964214352063,0.7690522949956093,3.2067565712717006
-1.195787680921957,0.12071932928703426,-1.9632856506356928
0.6170125642945746,0.8636484341577535,1.950110432960063
0.09845430432390567,1.3805145283145381,1.1436537431254163
2.543926460470121,1.9662480154556334,4.604170916705102
1.2991714771382121,-0.028395054749064983,2.9740220147419674
-0.11443048269466138,-2.2490510903324044,-0.06513261334811837
-0.4974529213032238,0.0315260045939917,-1.9558761496114758
1.0451691522612936,0.20556120844997466,1.6336296870818385
0.6750932525676445,-0.15534534714439854,-0.750362500406327
-1.2762594718884246,0.5682886207770744,-2.1067106770305455
1.4911745925918556,1.0106779645142647,3.1568646493531216
0.7016111760802742,-0.5179824301678215,0.1185035453823109
-0.2757988554805225,-0.2940953271561104,-1.1018629240649027
2.4313341213780015,0.39784220880033905,3.5518088190770993
0.7877813510546205,-0.5502237414891381,2.298805318290558
-0.48654962702700894,0.09126738348823545,-1.7119850784275723
0.3426285241587065,-1.961707598885302,0.6270375069072481
0.07332851293993375,-1.1198997213976245,-0.4541338857091516
-0.5732722371269501,-1.3277554756041254,-1.1075390377720649
-3.518236443409581,-0.8536236967272416,-7.9353442744512055
-0.6395841401375582,-0.6933045279306657,-0.5952764180965766
0.1389812341098437,0.38230514254636994,0.30364531091054847
1.018028906306746,0.9821130025226407,2.792378789192981
0.13441689151377445,-0.7273835290875355,0.522348958025506
-0.07230592104147054,-0.996838982378005,0.3029425146854083
1.200703860573204,-1.0416888589895095,2.1591599243219735
-0.17726799178084873,-0.4145887263636737,-0.050780332026113095
-1.1273896952193225,-0.23902906815256408,-2.883644479435145
-0.3584420876707649,0.48361753383826944,-2.7451814630438203
-0.28066636702453274,-0.32132484216838986,0.2784240725437762
-1.1982318052063987,-2.0784892688600234,-2.9495811814436768
-1.8920473294289621,-0.09143427555013835,-4.6206278147688025
0.9516139066391849,1.1871868106515566,1.3433243369648182
1.1490121287394475,1.1916012685103252,2.594324840555289
-0.9728463815118291,-0.7889632181112299,-4.06431470726304
-0.028109161381057846,-1.5477765436375708,0.7484478727930928
0.4217461749915578,2.458060491865274,1.3499630748262799
-0.34411334752493533,-0.16242194247941932,-0.6519853855502692
0.5748833655306844,-0.09745125010561724,1.5501231871671592
0.5442871616811089,0.4205741886981469,-0.44300418774334727
-1.067852506123732,-1.6140394566191194,-0.9877580359674112
-0.9503595657621593,-0.7282191111912875,-0.39531030431283054
0.08118029955619666,-1.5404424052900094,-1.8742692364231741
-1.2069983858804019,-0.6930946140105951,-3.888693036393212
-0.6686323952448101,0.11884943300456097,-0.992337753805394
0.9736991226622222,-1.3647094579869123,2.27158889778719
0.33729900704212945,0.589982679367313,-1.7865644139141423
-0.35698565045294195,0.2893440288173359,1.9248039394006704
-1.449155869905214,-0.9042150256206392,-4.120824213187909
0.7852078950569183,0.22632494238106357,1.3898338998868367
-0.329370862833316,0.7480811624938435,-0.4750054974285811
0.41521015722456717,1.0610952532617417,0.7502584185808375
1.1262697993607307,-0.21284827864652758,1.5580095692834437
-0.24760662608631628,-0.09363679391104561,-0.4670826129681679
1.0051350142168693,-0.08671413498192512,3.4065872758401206
-0.7136565168734776,1.4414617560550447,0.34220254418971363
-1.4253857308561049,1.125071892277994,-3.8704189121819033
0.5775704400724502,0.8344015677570393,0.9161776237430515
1.104176145025755,-0.2873407998406927,3.8659790325540557
-0.414375971190826,0.37324143416640604,0.8349513243915052
-0.13414689471057523,0.4032903312206958,-1.1676934191084904
0.6136079124342932,-1.0416732942893223,2.778166575752512
-0.973102395385582,-1.7283045153207428,-3.447356785096952
-0.9276725097296818,0.6418300276516161,-2.290959667691193
-1.2845580140157815,-1.5293105311804223,-2.826677514567918
-0.1724885276557019,0.00168368848420991,-0.5357805090022084
-1.4737421647517783,0.25024782134833107,-4.747240988591928
0.9779132608576862,0.5638673903058835,0.8961933176822303
0.6308219755936321,0.18942623751481066,2.1378242225667745
0.6227745219777866,-0.7328538062971249,-1.5113582853822838
1.8414489320654046,0.9863658598954615,4.42556417744116
1.5090559548384568,1.7386337669062457,2.1181993631482823
1.7123525360647451,0.8811788089254428,3.5313379351653578
-0.9333487631514037,-1.9436509013239756,-2.4876557474805656
1.5803410262977762,1.3995761854029438,4.835077243637934
-1.366930010768293,-0.05605594618626797,-3.2226696132931583
0.7709655262859274,0.5249142793192898,1.1556138178419073
1.844550029760312,0.6220332358710602,4.7177399561466125
2.02841414941461,-0.09668607320670514,3.6303102029219843
0.2683770024730592,-0.07526319764872628,1.0050481500387145
1.0702584354198794,1.0191570693308998,3.476133362811641
-0.8651384192543046,0.7116019224862438,-2.2591324356598075
-1.2366813437372095,0.9902622460442311,-1.4277637901623237
0.7025371530267117,2.3829266952303274,1.7507292636609273
0.49222556169998255,0.664415863694087,1.6590221779435252
-0.07023666534483819,0.20738115738530685,-0.5031366047148753
-1.4655797753478454,-2.2106331105756207,-1.9543579188291946
-0.41470116814147595,2.6917140032461155,0.9838746846895136
0.7964411464990169,-0.48267682179630794,1.2537883630966464
1.7184003246450157,2.3747347150953937,1.5153006629451982
-0.04674486935100734,0.3746435680049877,1.3091205445385172
2.142623751815205,1.5384301988967937,4.565033589135254
-0.017590087220349035,-0.10971032117623881,-1.402962891511463
1.130560020241404,0.5114707546981254,2.5329997944981177
-0.6072161643615382,0.2139579796422618,-1.1288082297822504
0.5499299206172276,-0.18612069937349554,0.5845380042309127
0.6240344289732862,-0.12039382462249357,2.2411179943288735
0.5935295865996972,1.0128343358442544,0.6508155547796062
1.0305139008317907,-0.20145814697149977,2.183048400104578
-0.744706714568623,-2.0376824944408,-3.3558602744961594
-2.0648450843189865,-0.19588924882982778,-3.812615164308129
-0.17479806352780045,0.539790605536274,0.1296771629820546
0.9442053562053213,0.6164557163514396,0.5922038548205801
-1.6891342653990782,0.616567817477434,-3.5616627031979076
-2.2227442605863326,-1.6921015208690813,-4.262069412739367
0.1334170405485472,0.3687420580111942,1.5777511531497843
0.41097660339060843,0.9678592099470636,1.6595257225967739
1.6020247317917229,1.2765786814676567,3.236832620340178
-0.12895283635902288,-0.22496127104411592,1.874844424369011
0.4113999153112756,-0.3218925861828012,0.2581103524888745
0.7196347037609216,1.4878378318780394,0.7284943064714426
0.24412037384978325,-1.6679280457793197,-0.6806373782055712
0.785103845958779,-0.4368299769131249,2.7856590775525163
-1.196464390150654,0.45746207935745475,-2.657585764485927
-1.1688276028629065,-1.6177737653812263,-2.297420142380568
1.002558988725569,0.2796278624317574,3.7305645735832194
-1.6036326007359376,1.877864021052193,-2.98356929130916
-2.570082891209576,-0.004060653436340581,-5.794594228457804
0.05267830540271258,-0.2784540249635862,-0.4680907916208111
0.17601050969598722,0.4749117140340542,3.296655429656818
-0.43114577742112514,-0.27907217078730673,-1.722283981323516
1.0923044789324146,0.8134003740790648,2.748268063541434
1.463593954675791,0.9044354644496952,4.079557837080772
0.9943463137414046,0.002691661230120906,0.8559579055836914
-0.5296160998598616,-1.1766921577497271,-0.9881353853465878
-0.4225830199611036,-1.318220727459088,-0.2863037890875577
0.12706416477804514,-0.5929973656553166,0.05739465065877267
-1.8869946248669822,0.7973805005498358,-4.332092833094229
-1.5916424380550178,-1.9582051746569251,-3.964748512056908
0.2309655755600405,-1.8863251587325458,0.2646170985775769
0.0509856157493809,-0.6537798247601027,-0.5988607226691961
-1.1843558295553542,0.3943948479805846,-1.5571186400041825
1.0149086837123669,-0.9135660481649922,1.505785587279191
0.7558053371877599,0.8867490370960595,1.1214406167070736
-0.5023424631302988,0.3333699701551824,0.5961099144449526
-0.0398998569101094,-0.17063961823860982,-1.5805526414202962
0.31248017656511295,0.8188281365317798,1.1922320413236605
-0.18135972242021642,0.3883651628193677,-0.5095981775450602
-0.3166137404644209,-0.44593502721215605,-0.8741884992154723
-0.07895569320768143,0.23111493441815997,-0.1902982923255488
0.8543474667119002,0.6475133579775912,1.086232897145375
1.1065394397693002,0.356283344862047,1.6846540855907635
0.3547064000911707,-0.6580102079494786,7.409354532857959e-4
2.0024456404547872,0.8552022050641915,5.205364457036773
0.9663648819664035,1.1529362255586157,3.2485194581976664
0.4055061291206256,0.27627455654333655,1.665212103380489
0.8836767681001112,0.14410466246218695,2.7323185468998563
-0.15839908825484028,-0.075625080779838,1.8614024583460682
1.3807308416052675,2.1614158463027873,6.174072833716779
2.0880667376932807,0.2763155321357929,3.8117434932794465
-0.2555768214836962,-0.15829402869994402,-2.286862299216597
0.2820917241066737,-2.5079178021972544,0.35700499098774496
-0.4447473471622945,-1.5652817650305326,-2.0903024191717785
-0.7711953389438067,-0.07767320061056478,-1.1952359428051618
1.195578508493127,0.20629404484309796,1.3105826110874987
0.5422255219263261,0.2768724588616145,1.66969319349126
-0.07035833436694502,0.8215067804486179,-1.112362294132781
1.7033461315315317,-0.19415240932045666,5.289709559518416
-1.4922052199215707,1.2145887944825624,-3.5388959976066094
-0.33931017883709674,-0.921516042869578,0.16925229250801732
-0.5709579237661297,-1.2084427204430663,-2.4358523917020567
-0.4995304883790648,-1.2289861775538142,-0.9694745455100566
0.34391122644518834,0.7422970241865177,0.459013283660599
1.8368603623926145,-0.08291994233922602,4.328207634946987
-1.8385516695781647,0.7898179218204991,-2.099725922334416
0.9568888188724537,-0.26770642155708474,3.5705087732429277
-0.9379083311063535,-0.5918921022128124,-1.8208286068400645
0.8316659083993637,-0.36835257512650604,0.44800926642675987
-1.003193866410733,-1.8526168242417294,-3.3065024355605863
0.5108235795741174,-1.1696152604141148,2.646456499135835
-0.6545349966399254,-1.4420346463584501,-1.6130046617620717
-0.29415506612863823,1.0543222719753484,-0.7048619197442072
-1.4074268365387461,-0.5973300913628001,-2.4809745874743276
-0.7607664160828544,0.7894598527901798,-2.7030200696231876
0.09206255759121112,1.5164906016919582,0.2196825680560841
-0.09788171260555939,-0.19177480910994213,-1.0778239528301838
0.5994953212362889,0.28387890635235136,-1.2450989930170808
-0.6015705066134989,-1.7510675193960785,-1.254047888767679
0.9868200444328847,-0.8186697775198026,1.1904867724504191
-1.223002209786386,0.05621484938283862,-2.204010249882516
0.6446014070942557,0.2990869033361523,2.237702713855499
0.6888473868651148,-0.759398117298882,1.106040782687698
1.3157228485498587,2.684858999226799,4.447048185761056
-0.2665541764328789,-0.4583901390923888,-1.5923453546613522
-0.48609682076125577,0.0642435566300379,-0.926718026001988
-1.2146733653361743,0.649791867153518,-3.241265836185412
-1.5514642934980791,-0.026018634773995304,-1.814262199257113
0.5055500090832383,-0.643567387027114,1.609895789826666
-0.0045343719411781724,1.045305663963305,-0.9189248689231002
-1.0296311308610826,1.6155453232072012,-0.9289881149586142
0.5064711944410353,-0.029693971049835396,1.425239502063797
0.9582870001406801,0.5622673454030662,2.7376306069133802
-2.1802269248546207,-0.09741249850263016,-2.228448778429498
2.1431553516384985,1.0164552177021617,3.7881997694638727
0.8882352793437918,-1.156167394259853,1.701660896144948
-0.5700015647556952,2.320860223994476,0.36886951913714994
-0.9852803923857361,-0.6035312477883377,-2.302374944532384
-0.22930534098464472,-1.4588494144380924,-1.280908517092142
0.25913660852312376,-0.35091782719306963,0.7620972706896016
-1.146520668065133,0.14670848414500184,-1.4252219325613278
-0.1500186184062941,1.6236212076802288,-0.9985809479775738
3.3571024419429665,0.9112096767713199,6.819805608584745
0.9802357014460314,0.14245843204578665,1.7392399910767327
0.9736929296292886,-1.3894835239881602,1.5815225376543296
-1.0532361569216564,-0.8660377446721138,-0.7912950090400706
-0.3566182029639887,-0.16328493222929413,-1.5971098780791464
-0.5854700081048708,2.553026113460593,-0.5384964323589514
-0.19563099072618706,-1.860227574218415,-2.4887187750291955
0.289067418789244,1.1310546518460214,0.28267268966183323
2.1536491687682604,-0.5272342572339209,3.9924654092682164
0.18163393900242475,1.6659908999874182,0.44978499385685944
-0.3310558168221164,-1.1392006399734047,-1.5990431624416275
-0.8980988187770552,0.14362323466274737,-1.3996174775715888
-0.09952337190024219,-1.0995509417027511,-0.5914594484180714
-0.5127960232144304,0.9035164263616752,-1.4533578656478787
-0.5933154749871978,1.4837794887380855,-1.8780351903303507
0.48102155330955676,1.9507210064011518,2.2442790676574953
-0.6640224133609371,0.7976006575895186,-2.205856847337019
-0.3095093034010349,1.8432662545778213,0.7741343833465733
0.8836912573738425,1.2464239086616464,2.0442817099358774
1.049317493558458,-0.13187491182401517,2.4666185958564735
1.0120946730257252,0.47703723828469996,0.5937015804378765
-0.2967715157364227,-0.9719942114759337,-0.9164021317160183
0.03547988883358578,-0.18520216940099382,0.21007597821516236
-0.39125656069948767,1.2209637083488216,1.3896804097749484
0.4575322471069691,0.5412841434823503,2.095985433187441
1.1359117833244579,0.45735733162533,1.996918783406247
-1.2833305695284885,-1.0381310396872052,-0.7195116608373278
0.8178923303738974,-0.6045132303341169,0.13989186505086693
-0.8790785864816801,-0.7646060137535687,-1.5881611248083052
0.548791371732454,0.3952958700134991,1.550490795736542
-1.6855942286487153,-0.9905076304665589,-2.6115249385259
0.3397584711986118,0.5620413900990521,1.3667483658578274
0.9757765443287567,-1.1164164119335422,1.5506813896391107
0.47031265011864454,1.8285304581353647,1.0482139928568044
-1.44458606285197,0.460591349478104,-4.078774449403559
1.4210653561922788,-0.7010036122532697,3.814561653155364
-0.7496070395805813,0.2410459325012233,-1.4483708582631525
-1.08623930892024,-0.35245319922795615,-2.8869239217329588
-0.5041600292283654,0.371147959759657,0.027164204223527166
-0.9225045876349592,0.24353271876030042,-0.967598384560867
-0.10700044790932753,-1.0141141726614744,-0.23891440074274517
0.09577511753385629,-0.7913138788194699,-1.7085672817910853
-0.27122627845668007,0.2995936847395636,0.024943731729055896
1.314040628928623,1.6390519087515616,5.700449521343611
0.7711786857166668,1.0846170086709221,0.3821093727577336
-1.4665111876114523,-0.624567473618094,-3.7065694283533905
0.9073946011430039,0.8259229016474942,3.200759137814624
-1.313566931225663,-0.04856835275628854,-2.477108539482047
0.006614763681847949,0.3013136517184046,0.5518152483644511
-0.1953660294634867,0.2603614907365583,0.019749092695159343
-0.026228349052105138,2.575449763723391,0.3519224805346863
0.7706113983630024,-1.1852888105872244,1.7752135526547972
0.05607916554131042,0.10091985901285688,0.38371177814910196
-0.015426089293327339,-1.7799772879676157,-1.626279801520054
0.13175549995416558,0.5898359229587585,-1.2888997238701578
-0.5553228908346814,1.096608471721405,-0.8112225392255307
1.014893489209554,1.4456622411011533,0.26089952441970343
-1.3743969988782163,-1.9251452518371206,-3.866154157123807
0.9733817982926751,0.41276949719403017,1.9738625792181668
2.895081596578187,1.5933699513836517,8.756119385816929
0.21896555083121624,-0.4140158630423031,-2.2404598253666155
0.6111023306604536,-0.21215053208194942,2.1455433874869994
0.4262524857663407,-0.036537222204741246,0.12888510559011013
1.3604556593270003,0.3650187514330357,0.8689161417673714
-1.0496344863361433,0.6651598757459688,-3.154669739893062
-0.5612405574278416,1.3178208837114822,-0.1466402579098094
0.04527355668299993,-0.09548759044499239,-0.14156222015672856
-8.511315491172775e-4,0.19627804547246885,0.10797347481674241
-0.4044683432111259,2.4879978772214613,-0.4626859057684797
-1.6244675863175762,0.4310989281149912,-3.2531674925022673
-0.4150065588713689,0.18875310932983339,-2.2631732269584592
1.242502440355257,-1.3422431252834488,2.965651360064814
2.2450204446777446,0.002856047622226594,5.686741659741228
0.7688075003535599,-0.22132615316688106,2.161814556277837
-1.6236409825849452,-0.011045829809373776,-4.492918568257128
0.5769896416789753,-0.5754176412711666,0.6609247481750842
-0.7462283114177889,-0.6868156524427006,-1.1021230533608084
-0.08822958549675339,-0.7207736318201219,0.12320320627308906
0.6131584979542346,-0.21450451539977414,-1.0837235139945096
2.070372577224486,1.3681326480286267,3.0370692481788515
0.44911059099507006,1.0490866265593277,0.4565409104789673
-0.8114138036188691,-0.3599751179430565,-3.5942008140090342
0.2591675221873716,-1.6859164545387397,0.8585048079606132
0.5663887927910212,-0.8445834285359536,0.48931741296281744
0.7665155124431802,-0.45776053324050786,2.3407126891387944
1.1748824861664846,0.1036380042283041,2.2170275495649077
0.08997141910933623,-0.6626072757008146,1.2936537348668558
-0.3412596353928037,2.00668069083189,-2.8642350775572387
0.05153800079698291,-0.27226753441835105,-0.7123994245384596
-2.1263202996903106,-1.2139444702395092,-3.7056605359350465
1.1084261122013008,-0.14126175728251325,2.4835186234149678
0.20405395222088413,-1.0053775815934138,-0.1549099693834345
0.7495425511970689,0.1561557072753264,3.0422863657877244
0.23117834074966626,0.23363361408986946,0.1519909401824291
-2.284547705483777,0.3555876116283844,-1.844374866250051
-1.0962440907873443,-1.6218582591242146,-2.708725808138747
1.0105369587781727,0.22071129097064884,1.2620793098494962
-0.18055933599462837,0.31045008054164597,-0.42723247396937003
0.4107032912729701,-1.4211084475044877,1.1003102736770267
-0.6510142972008388,0.9553656397304111,0.268828801456253
0.4933720823594596,0.7841708790943376,2.196221752161719
0.14185909672335617,2.2996193611544458,0.08529358679042887
-0.6021444663324318,0.15670298737572796,-3.0933568964052554
-0.17181548612624448,0.0467335275180007,0.23082918978765987
1.7437369686010114,0.09658583408243636,3.632106461664326
0.19314502877313433,0.06976623090030058,2.136753128835318
-0.33210337206845386,-1.8484727753376666,-0.8684013903558002
1.0905029728976612,-1.6711270586422435,3.094762125170236
-0.31095659596025027,-0.07753896679120335,-0.8745049743701245
0.3434050404203096,-0.5810673805664983,0.47583660383047344
-0.7066698947371611,0.05473652505742527,-1.5838048157176794
0.21499306339166835,-2.111208373260531,1.3402993930041553
-1.7965906847297652,-1.4986982545267578,-3.3048196279242155
-0.38627109738515275,-1.1014834389387425,-1.7617266225035464
1.4235354458163914,0.9860582210602473,3.241996857641562
1.0088925203988022,-1.098490007090116,0.833613141463047
-0.32632545818398834,-0.7995139535765308,-3.5232948578167846
-2.365781491016409,0.07987381867405267,-5.403962309023867
1.548424965050352,-0.32274636182510885,2.544669475263036
-0.5786165508787101,0.14641717866796228,-1.6802546534902918
1.4096957450266012,2.305061982045692,4.356844583085891
-2.0340239432837097,-1.1246036712582366,-5.9455578827059945
-0.5377948678285163,-0.3054696399098046,-1.4863736196748811
1.4760328974797956,-0.5167594497437329,3.109487057888683
0.7966548269201856,1.512395426832454,2.1712923392590775
0.11270883868163731,-0.7694849228902776,-0.6196484808114747
0.8733581786398353,-0.08208690377571833,2.9370669343800504
-1.1285935487480794,0.7871336143227076,0.6511221789465935
-0.2858002874675891,-1.0585905359483998,-0.8610632379237133
0.9714273736159914,1.65517581574201,2.585043756568697
1.3355683023677565,0.675762415474246,4.233605066692659
-1.131660761096218,-1.0742066095303546,-1.8376935129930845
0.37061327422667945,0.45457780905773804,1.4282605808433675
0.602261868087926,-0.21330714323306832,-0.10670141482980267
3.809689357477811,0.3132287719943345,7.2913675686616175
1.5628752789707347,-0.08997519701566341,1.7992613672816793
-2.049431823287241,1.0705160367783435,-4.747515698716892
-0.3881027028466248,-1.3511003857033341,-2.223041876876992
0.03429706460414081,-0.5226166971959159,0.808099015818752
0.7434050145760323,-0.24919067775539921,-0.16626183967037567
-0.9979677235994976,-0.9957987248513335,-2.026884627473649
0.6844650165365382,-1.039955043766194,0.6575826380217336
-0.6981394257413288,-0.017980240576662608,-1.1247890989567269
-0.14313558669571702,-0.1321751328567346,-1.5595971203342274
-0.16093676810641533,-2.549342774750432,-0.33310144992230006
-0.2958729466436514,1.0405734557193762,0.009687164085348476
0.15978384131554862,0.24972573598519018,1.069621480527416
2.302852410691993,2.4162073731483287,4.555431929819901
-0.25809427229028326,0.6851982380510968,-1.3205283075944354
-1.2926147985855894,-0.44695930896199243,-4.3558761529224395
1.562902985065361,2.797391146958097,3.3677025395679423
0.06512714599136815,2.832226023915508,0.15461445463333434
-0.6340135704073199,-1.2187118162901793,-1.5271661701440524
0.6485088526106647,0.4690319559554239,1.2203129164337274
0.3979569283119925,-0.21124691863215003,1.2250025483793499
1.2355649295302502,0.18705114655401234,3.1329642619691693
-0.6111335148435264,0.22754272856881383,-1.1465514272815338
-0.6971817088269645,-1.2619004628690524,-1.0415005361715552
-0.5723424197917342,0.28558958024256154,0.25801297565398174
0.36215822866691094,1.749247363141796,1.8657170632920432
1.940122118492687,-0.1640900041348027,4.8254602751759545
-0.10992995430649477,-0.1629267106984538,1.206561015564337
0.3917616179829812,1.3985720063374665,1.5425887272554863
0.7810447655060064,0.8983962406829485,1.7874004131577583
-1.7113018287879338,-1.6484948183812846,-3.389534549095003
1.0221681190588188,0.22855697326218688,2.5828637277934714
0.43770012521313534,1.6535472346777336,1.4984740168513369
-0.2803632671027096,1.4152763499191425,-0.7405782376344026
0.5003013030095887,0.41995160381422986,1.723406673243705
0.03319892497570626,0.7212208071128938,-0.5462136444005086
-0.510695333484526,-1.1969352121886834,-1.9756297096678122
-0.024835168652239503,0.3001315668813733,-0.22886362190206655
1.2608705336632982,-0.954448935187822,1.5063769227349797
-0.690315285360836,-0.45801806809694434,-1.772101393340795
1.2349407823793486,0.9356036837796026,5.116916841057284
-0.1766478260285902,-1.1368931116911432,0.25816483478408425
-0.19764993556706856,0.2669182508730583,-1.0773675968983594
-0.5159200073823986,0.42833203947154347,1.7011916203936517
-0.350632418785376,0.05491196983962971,-1.2964425903686518
0.2707433226541909,1.8221888218354152,1.3086306864231965
0.7839173049371262,-1.0223473285752498,2.520018080946243
-0.5995338427054235,0.6061302614355994,0.14733633416473713
1.6166445635291806,-0.08893056745066745,4.248807142118188
-0.24903489920118377,-0.26083224383392417,-1.4264663036617211
-0.5144145399512114,0.4640912338523813,-2.236367824381999
-1.0140297077441027,-1.0204005906839302,-0.9231720544814648
-0.2059297885987681,-1.3134509165184052,-0.8618094209766269
1.599690534577587,-0.49448087548342273,3.3057068521113635
0.3012663057718462,1.7517571497554478,1.5856346061207234
-0.078986115799488,0.05576477461252008,-1.8907304162068495
0.3045027243474965,0.33143439822788606,0.585252444912222
0.0064577067694776835,-0.18984663767753954,0.8502316881340387
-0.6005166110201772,0.4704927319538254,-0.5248241504536013
0.7027873362262022,-0.9516795430171457,2.3730161272336923
-0.8831510925943991,1.1579104665686408,-1.8578112132884939
-0.8046687837928078,0.5847052602413513,-1.5100218967729653
-0.6573671796873289,-0.8064528226917048,-1.5178198450486
-0.26207496675617237,0.054553245811992286,-0.7654795623344302
1.268998833392823,0.7163316194991229,2.2883772647824348
-0.4557396572674395,0.5577309820546028,-1.7042749533152701
0.2663883825054386,1.481934015876881,0.725177157627
-0.5162820317468243,-0.6129877548948502,-2.5421481968215307
1.93872481542838,1.1161366154903933,2.7382607512691233
1.7597858637694828,1.036548009941219,3.292321817706815
-1.1071445896072376,-0.1624831319028546,-3.579602077989196
0.14373633049893803,-0.9759266928218849,2.2848470736818376
-1.6239450311477728,-1.0891451908845162,-3.2275027886016137
-0.6917373428899649,0.4577869579449709,-0.3423569444054204
-0.6029492624876741,-0.07112673372089445,-1.742459618257835
-0.31357100887650213,1.7791026668514502,-1.5953519616381298
0.3891346801289647,0.5351379604962047,0.4607716438436287
-0.4247691289935537,-0.3719448751634953,0.21846444249665398
-0.0014605464265159962,-1.025542248497114,0.7656880928429355
1.0549170548193096,-0.5824016746052525,1.1044476851264626
1.2739694425818822,0.3428883928973311,0.6864806050698209
-2.206569039213393,-0.45093464705665054,-4.902191773020709
-0.1001426742325856,0.5142301202306904,-0.34210446886348556
0.3760951244511399,-0.3343380521697819,1.4846030434595914
1.133167939741856,-0.10555990879447544,1.6117192383733736
-0.7896683460267817,-0.7305096728078274,-3.3634371760503825
0.6993410041125905,1.905043584908704,2.6495542407892483
1.7318451493301952,0.3326217314703942,2.814010727272164
0.26818396182581966,0.23063364049945068,0.9224859820801281
1.3683443433430087,-1.691862414884067,2.041985841877744
-2.018817565074343,0.6597918995493272,-4.284211099168579
1.7267907253967953,-1.0236235888797118,3.4540275377917196
-2.6424426139158577,-0.8915215743542978,-5.053514791714134
1.4085850609173716,0.9183411710216488,2.159363747522516
0.9274129669245695,-0.45270064650823016,1.4247369982520381
-0.904418966556169,-1.7483722800031807,-1.2522553753151084
0.19997063888996047,1.7699041098893555,0.662784419124844
-0.35767399569987385,-2.377406925392521,-2.9281563196668055
0.3417320579933478,0.5728115298595851,-0.3244070495720244
0.5444133685501437,1.0172492490846101,2.1462337130125406
1.124716201578696,-0.6309678666605344,1.6054206148382244
0.3625610922148421,0.44428705141155406,1.0485212320133208
-1.9325162545141366,0.43913038838855517,-2.2331100518991036
0.728461135396784,1.0406231529145127,2.928047122282888
-0.17750078638207314,0.4840993879525221,-0.08541693358228979
0.7694483955497415,-0.2448837790925247,1.1772301156594627
-0.6001409311332024,0.9159920579402111,-0.6122786838656561
-0.010383506836295742,0.8006223565097663,-0.38168292607481713
-1.8188544319878908,-0.9365690341357926,-3.745603501942264
-1.9037700424160653,-1.400787433995731,-3.187405362282077
-1.6966548649947466,0.16027753999317776,-3.96822547832339
-0.05795303405968719,-0.2739623747751827,0.7562535335876522
-3.037275613920513,-0.985539112562296,-5.487459869327916
1.2796878965938934,0.08393067951503286,3.303114614143018
-1.0466201554991674,-1.3199965264869058,-1.8369968816885123
0.06303766160984924,0.161226351326199,-0.2852104915651041
1.010623032856254,-0.6249283875419198,2.7565900593605877
0.5883683389414538,0.9571642741924806,1.9743018455941925
1.149035521467446,2.4244891411615335,0.5110348016564292
-0.9114039759402064,-0.915979243686792,-1.767888488075426
-0.9769591414247518,1.0576641709429753,-1.1007546822906185
0.8891181703128115,0.8251497277682833,2.348166724150998
-0.22406404694604803,-0.07019422430535867,-0.537897191709515
-0.1361323962441038,-0.4536463740570143,0.20030929699534272
-0.35200232974349005,1.5753077068374846,-0.7751132949419346
-1.1583467459052064,-2.005457818236247,-1.6080437281036528
-2.4843859402408626,-0.6431947915936632,-4.7181025272403385
-2.083422809906415,-1.4368434436577757,-5.061060112842374
-1.1526566699560106,1.395313438946077,-1.0267469412928245
-0.23751615439487894,-0.19070343264485706,0.7958603003330904
-1.223801024363567,-0.5246711994696714,-3.3884903911677804
1.3443038745169105,3.184044474066329,2.7423724106739167
0.02022241830857758,-0.05003726788762824,-0.7630853568390428
-0.6315793090057685,-0.44374931186652344,-3.2993505858673284
-1.5154721394288602,0.29986525013614485,-3.174150519572332
-1.1414597895799101,-1.5684246207549688,-4.399041160094745
1.039816692786943,0.49030264267206763,3.4356259192561263
0.4479504828290575,-0.09616320107996686,1.298238565016312
-0.17130990054421455,0.4685251225301458,-0.5495571239539188
-2.5390700584099375,-0.9823706359378539,-6.3739615005257955
-0.7930958845861018,-1.0229838421479431,-1.2150998538020248
-3.1323155311666686,-0.6934146632761848,-5.974026357606755
1.5434458096808041,-0.7679895730927822,2.5907413379304556
0.42342742898242125,1.2990499666835893,2.800743167118222
1.734809620841161,1.5791455618080903,2.172854802380507
-0.2210284769993351,-0.15689195303906714,-0.5065907015842717
1.9678682082762853,-0.3589365605846805,4.033520218954212
-0.9973534851238679,-0.32903883042166854,-1.4872075594247427
0.8587612648574665,0.06923647785301654,0.6914607281724245
0.018127638121384695,0.09690423370105476,0.9988318122991675
0.8141402245154941,0.29003438776557044,1.2704711089996086
-1.5492349484465635,-0.7466789410462558,-2.551133421326967
1.9840943101925133,-0.8468963888203188,3.2313236833836587
0.6615595730010364,1.1970776637460843,0.5848359218486587
-0.6613011839690921,-0.5486273611033227,-2.7540259530441293
-1.0953113009955489,0.3030456952254507,-0.9331428263849759
-1.5424327955631765,-0.05697053380333201,-3.0697232860106065
-2.1036919134518004,-0.957849392150669,-5.768773184013764
-1.540221352078478,0.5910619094115075,-3.0315153243139776
0.09164351177371048,0.17310487349295478,-0.5405543687304664
1.5414914762366587,1.3997833562125077,2.1521728064099177
0.38915353633822214,0.11745958462698798,1.1105142882096428
-2.0315586997388264,-0.33154575820085297,-4.775552710509295
0.16924169894670993,0.27829491330536416,-0.43175763101405323
1.1443904547092212,-1.1855916490353389,3.1284394015139165
0.7639197121140333,-0.8358940533935968,1.462322573416718
1.996991304768748,0.5102732511394306,4.550468596622779
0.3196461918931955,-0.33312090122394855,2.112948675870901
-3.309164132463307,-0.06596094635246347,-6.425024269333648
0.6078165542875823,-0.11522170942194965,-0.32019047403780543
0.01793985390083358,-0.65051261877452915,0.28337667419508644
-2.323895361715522,-2.018688659082417,-3.7339569942764044
-0.026801743612547613,0.3488349701765925,-0.4667374447508543
-0.44338761903356694,0.7616395076468585,1.8869226277772884
-0.8300797648479568,-1.288716235350125,-1.8033323598879472
0.9159915836288985,1.4824027184586064,2.5278384340286473
-0.4763174394934796,0.3851548236872349,-0.4127696959976062
-0.24942379882143212,1.341640294993872,0.9881298351780587
-1.7439149941246535,-0.9571704712422884,-4.782525498844285
0.2223189869460207,0.1667812883542511,1.9194307877124677
0.52096132829565,-0.10001395893880839,2.554314601850159
0.8022742701541374,0.7685074318817761,3.2838372049738984
1.0164214773565983,-0.5758595679126932,2.2310094339788
-2.3683631166323575,-0.01009767195246111,-7.275649699225065
-0.5003737034441103,-1.778659148743945,-1.5364090402429205
-1.5675841137539397,-0.7776214428705003,-2.755083968462607
0.6462959578434864,0.12503388366511012,2.13088166573705
-0.13187156298932579,-0.7063214923882233,-0.20600721436937058
-1.0817988682314341,-0.04356948581148002,-0.7583304839191509
-0.5179314563727624,-0.4679259739252199,-0.3365088810476491
1.5849597160917215,0.6069301361614903,3.352810002399874
-0.19089545378807754,1.168488308749563,-0.6442868526437258
-1.9716716715641263,-0.8225014128075226,-5.076275344615785
0.9970838699555394,-0.30703655859472845,3.3079945352663023
1.6016919825948128,1.4397612583697421,3.9174082764072082
-1.2668337063565267,-2.1989232541837067,-1.8371354898768062
1.558171517706568,-0.31983779174073507,1.079965304616934
0.45333071885221016,2.0647042841433425,0.857267883143262
-0.6159419706725991,2.1935900690642547,-2.635475406475115
-0.25906226074875416,0.15659532335014942,0.09618152844027683
-0.004742260005953514,-0.8636089506136384,0.5305828699035521
0.6121083283488791,0.16545741949043816,0.46452187674286893
0.18930620794657554,-0.6527743959470195,1.14888250473382
1.6720243392122602,1.452817282291484,4.962178736366288
-0.011012791980940545,-0.8064826557030459,0.9391417358403074
0.6286486365118019,0.37291159520874817,0.5496655351571431
1.2115341598900087,0.619850074568692,2.3249868325407697
-0.3935666270588454,-0.7575101606958492,0.2166957803082954
-0.5361096749885486,0.8515246815061833,-0.7765968841154719
-0.5065312709004197,-0.7479299709163062,0.4102866777295189
-1.144293956803622,0.6302398296539801,-0.8706238899930661
0.3786955029163871,1.0966616331035526,2.159507784246653
0.20726465511017528,-0.9884429223832061,-0.9205225170405911
-0.7147293224771945,1.1079950409795976,-0.2981373737925578
-1.0163303655653562,-0.4895328712124123,-2.0873116081990375
-1.0201126843113368,0.29435338843696807,-0.5650078834075676
0.02010528343178409,0.20183747228876955,-0.8319276322698448
1.288415859605771,-0.427196386338202,2.517683247700958
-0.5522630104518977,0.268102869997785,-0.6534706485488608
-0.9976874718163009,-1.2304309254238377,-1.8733242193581494
-0.06616722228989738,-0.13613687218496445,-0.5184940034682274
-0.7277390862134794,0.8257908316651706,0.7509764586726289
0.3627348654377953,-2.1741246492293143,0.5447381716260419
-0.7482851628655682,-1.4879261873582548,-3.072401706345017
0.7824731001454042,-1.1619375575969726,-1.2086166579097501
0.16272466988175527,-1.5890896941454296,-0.05127930169087823
0.9208336965052509,0.4195830392963589,2.763076786984498
-1.7770159604234814,-0.9929283497560106,-3.1557766612544547
-2.330044844475031,-2.164547085328974,-5.28333922483492
-0.13229515460894276,-0.6375687650804498,-0.8327766568075791
-0.4754945949750631,-0.3906352514748059,-1.3910180734157425
-0.08221421212065905,0.8567854737781102,0.8906869160411133
-0.43332355380293147,-1.103752135998829,-1.538113203122185
1.9489709160343436,1.1612892557386958,5.832115340839897
-0.34229422070295656,0.3983627156286049,-1.0951372652729379
-0.5089178929510615,0.36235215763554474,1.035620646031696
1.3715813340011977,-0.8525256703145023,2.8533475728552906
0.809755840742818,1.953667879898038,2.277377325368874
0.19313895828829145,-0.16427083209715526,-1.062044521475016
-1.8425019762502108,-1.8248975841783328,-3.116969889886768
0.6880847103067421,-0.20385647139249596,1.1967797862521927
0.5883221653116829,-1.9344440707320507,-0.12207425089713642
0.6211403921998572,-0.3105101157866734,0.044658133758147756
-1.2762354904609146,-0.4222270031896187,-2.6870396412321007
1.6549236586120393,0.6818296904034101,3.0523291085048916
0.0050655810245881505,1.009496185737491,1.2906800274727301
1.6187796547690623,-0.7261049649011544,3.4034892834132546
0.7065730904603984,0.8061088683750256,0.6319444320941123
0.8435761833248236,1.4243231096687634,1.64024555348915
1.7724308158715922,-0.7841440048426463,3.2718171708953943
1.012613021664537,-0.6524043664993326,2.107562381846202
0.6559235243599685,0.6507783631536819,0.856767986061711
-0.7311491689479587,0.18304796994393546,-0.1479381393979895
1.0662665290051079,0.5487749604442832,1.8025930657512415
1.190120870315044,1.4046842945475626,2.6656765583717634
-0.39703304662619976,0.3870831195763953,-0.35446216759944305
0.09634972715288417,1.051701270175373,0.7020578010651173
-0.08827181227025305,0.6229054623371943,-0.759959994974431
-1.5136853901267278,0.43362038980885464,-2.8438585605744704
0.7940915819445027,0.38608443818441196,2.7272597301700623
-1.1012124996937411,1.2913233044580799,-3.1911492531219086
0.04478004286515247,-1.0022598737106547,-0.9369573255055315
-1.8781023142849589,-1.1051827291574943,-2.7146648920409273
1.1339974301460192,0.591946003397209,4.224742423496239
0.786471851427874,-0.11968966413311387,2.005546872629777
1.8946597384699237,0.07400521168496045,1.198693342857903
-0.9634456726498473,0.741277377171399,-1.110361533764907
1.1808883113431912,0.7532950478490763,2.5148289422068903
-0.2942260087971106,-0.2626705033617776,0.14277426747233113
0.12219523345688528,-0.3125438689971024,-0.09081652502299972
-0.39208475077596394,0.07359860900786934,-1.9389913266942698
0.7339516056386676,1.0630177892947437,1.322035853541134
-0.9835386776832103,0.42602048667900444,-2.053971173842409
-0.4722288590302348,1.4330075108231943,-1.2873201131403236
0.8183158924416335,-0.007636870419971945,2.484648759283648
-2.54844884341863,1.1256676052207528,-4.780139848865741
-0.007872371259314337,0.8830023110172466,0.3331537936455807
-0.2604054682446898,0.6120834609000705,-1.0696119366958858
0.870921322188742,0.41470070677846443,2.51917938782728
0.3466566055262905,-0.27988239714251806,0.4987165283574927
-1.3869690987581842,-0.1090375091692319,-1.810563136717915
1.5516990081534048,0.22939549570846693,2.758482354465383
1.0703949110878905,0.048888890679286166,1.778518496526489
1.7207024914879534,0.9432244683862206,3.5961464108805075
-1.0056949499673709,-0.10931712318643116,-3.1781318607997346
1.8835046162171423,-0.07037692158782763,5.160720385059629
1.0603262700470786,-0.4843190875656647,3.677037502011494
1.1152967052163434,-0.13833632854332845,1.6307868997478756
-1.2308028764534285,-0.06876564230384444,-2.128878631407864
-0.7621499639178769,-2.3137357738994155,-1.993452440510384
-0.2211708901199965,-1.3648316972143175,-1.0039023542809131
-1.3902540425491938,-0.07248690995195903,-2.463835200728604
-0.281055594757249,-0.2652837748644989,-0.323334981903821
0.41724044888708955,-1.200869328207436,-0.019348812505053326
-0.28255821440169154,-1.9915381760430189,-1.3192068690321201
0.13495401043224564,-0.35436921991342674,0.7295030719553363
1.642854664545968,0.6534957656942766,3.9591665417093536
-0.2226528637209494,1.773238631927565,-0.8735367786516333
0.7815533395915759,-0.038456793709338445,3.042947759276715
1.5155846925384384,1.4931848406277166,3.5886274132741236
-1.2822140243833333,0.0830221576359683,-1.5331172638513442
-1.9560282136774498,0.11553210425955959,-4.515010718866279
1.0580223990817788,0.32482531334874665,1.7741901178090929
-0.5118890867117495,-0.870577245260919,-1.1225282614440868
2.379685861384749,-0.0517182128948834,5.090768003695882
0.5911686731898458,0.9084476987922507,1.9522676083533574
-0.25245276946621775,-0.7497257868521889,-0.19021264095647228
-1.8273998596038163,-0.3216060698879608,-4.606793746835874
-1.153728670919736,-1.1477707504592545,-1.8385487418199593
-1.2723942067025338,0.35435219644935445,-2.674904979552975
2.9761839680130486,0.4247997823890222,6.4117652202918896
-1.0851260749377711,0.6483473512240819,-3.9377794925093594
0.25545008577247585,-1.2198100315169018,0.22212620791356857
1.3736647528672865,0.10723503475476402,2.7982674372669685
-0.6070290296062879,-0.9440576916498454,-1.8969173708713845
0.14426807625224886,-3.846487160235021e-4,1.252773266694154
-0.6790656079289392,1.3426239200060799,-1.3962128579921977
-0.15703492815374345,-0.5035252869342753,0.9294906469648218
-0.14600068780753397,0.7166833209388249,-0.4640506747070088
-0.978245113428486,-0.7496685840836951,-2.1464099497423557
0.4534186233518944,-0.4785282104503053,0.1785077964618128
-0.7011228455100237,0.43872175058661655,-0.6511910029980306
-1.748758356855699,-0.6791122704578679,-3.008078300089426
0.3121007868075416,-1.7029648351454352,0.4906920348833378
0.58154843565749,1.26516843521333,0.7807502863096184
-1.5147411152039336,0.36035723787984647,-3.883628778613719
-0.8789147097985234,-0.5836394405600897,-1.9187984265378255
0.25302246369639314,-1.9940787873306007,-0.747050819885232
-0.42684937034956316,1.902209771399305,-0.8229804773858145
1.7920060413143408,3.3903708212715418,5.706723885280921
-0.26523047514059933,0.20748040735545656,0.11863111768903739
-1.1630150465701514,0.849806647511189,-0.20890168298321043
0.8381684558217046,1.2245603120741608,2.6686154020726858
-2.6994449439674564,-0.7018044335386087,-5.642889021908449
-0.7521987204186216,-0.3511962295565402,-2.8924054696362953
-0.604120511907543,-1.7271210366451961,-0.8717535726957109
0.029948440807445215,-0.7365782322718724,-0.9941306206816427
0.44372661462130125,0.6224097828861145,2.3828450040658526
0.027360065522946037,-0.29071598924087044,2.029726081479165
1.3206967984944908,-0.21421153418307678,1.6451552147459607
1.6808629502710586,-0.11255955150251608,2.438450611526749
1.2728448265667307,-1.8636669824956047,2.8384573486089364
-1.060023883787194,0.8376299342316704,-1.9845935450825873
-1.2395091674737309,-1.443492888935421,-1.9599332456203893
-1.3212528939391173,-0.20857016241564835,-1.9014963454432858
-0.5500147097266346,-0.4385634620588305,-1.2503838510900076
0.2397624361643527,-0.21859381685619822,-0.4165258197455942
0.625051580189966,1.4599659447357858,2.944740309097508
-0.40581038453866636,-0.5820599179153695,-1.6603163218246668
-0.39023070539708576,-0.7830975957118962,-0.05935807481490318
-0.8739799389063732,-1.519653994943845,-1.4210629216491233
-1.1023590331319804,-0.8056980816112492,-4.508464570153804
-1.0835024801154187,-1.1661847073677385,-4.435605267461739
-0.7066674324316903,0.40794619624829587,-2.1200372427818883
-0.7661123517567465,-0.8630042460078767,-0.16424691807711
-1.3033283837180385,0.304042035028136,-3.0396887507621226
1.1889476217688146,-0.1464274878479205,2.081269749659713
1.5210483365196161,-1.4335621799108045,2.1514075140925404
-1.5460666925603959,-0.7906077857226979,-5.9712740375041395
1.5210546713950515,0.8851124550576775,4.632523143750173
0.38416696973836906,0.9030760859545676,1.8984599491139278
0.628426528108296,2.0055732743006276,2.1005393545593245
0.05738287289794288,-0.0035803083997808537,-1.1647144525910071
0.008405606255525389,-1.4958268139821398,0.9134179375509377
-0.1278114527401573,-0.7684170270151593,0.15633708537010305
-0.7383703142140053,0.40848850484014837,-0.7297975132992086
0.7081408337107957,1.900136334894722,2.7913410573498494
0.9075423640940643,0.11000912343972274,1.962353665376885
0.10620650793248315,1.1403868251284695,1.2132543090630539
-0.9939962639495886,0.7680813046922611,-1.664161628913314
-2.00173017278081,-1.1680916221173332,-3.2575665588528886
0.5713718394502434,-0.17111265226485858,1.7165783134149755
0.3276571565750395,1.305261536347683,1.7109369550158733
-0.3304142802078586,0.8760961095959136,0.31668804511505116
0.3647422059928913,0.46379614156779764,0.5338397037888386
-0.5528587288897971,0.4771142453768793,-0.3266255041655013
-0.22979017763783283,-0.49140530020940226,0.4542133301327307
-0.10993951092786636,-1.319385313344202,-0.218650783920723
-1.6502652372439504,1.2954257908313074,-3.847420832277046
-1.4103863756141752,-1.420219491666929,-3.7826802027298547
-1.603305553487971,-0.9388959197058298,-4.130357342206462
-1.0486203591657328,0.6289649925198404,-0.9947531808524801
1.1738437068879422,-1.2621945493896014,2.378460250314171
1.0180429263186117,-0.5518704132727918,1.3834997868169525
0.40949567138658666,-1.1827995067824777,1.6175865570950225
-0.18458427694409352,0.6206635577289504,0.1717628265919695
1.318422518095646,0.44631301663809547,2.977341447987677
-1.0945784734113584,0.4218846932736879,-2.131635818653965
-1.8632346153518515,0.44246477214563684,-5.24234983652424
-2.8598719948503106,0.5572457463789388,-2.7925325894663966
0.4191204919722179,0.639356491970517,0.3688633051915593
-0.5541278579357098,-1.9686615566742216,-1.8590950726512938
-0.834736375051927,-0.14881636135986792,-2.3849501604416776
0.5228976438455699,0.11246381255190067,1.780059779267393
0.2597701606505731,0.7246762026477593,1.2455748171983012
-0.6588043746285472,-1.1874860760052848,-2.049425744474236
1.1243415664430259,-0.49960018981591314,1.8014307380479737
1.1178558738368105,-1.0736429907511587,0.14235880063453332
1.359597431522839,1.0572402127096798,4.391538986666508
0.9803124558283118,1.279072583209334,1.7373390750632325
-0.7651623345188228,0.7876767253592327,-1.6341139611768787
-0.6150475311705439,-1.2224033825769909,-0.9785696084604617
0.09118006173153387,0.45195211673665375,-0.2502251177294507
0.4947205393691546,1.150449186380917,0.839212054272213
1.168295676259656,0.16794098073645913,0.5091022717504876
-1.5893033123094915,-0.5661093328959699,-3.6696492230434488
-1.681454536867633,-1.08611824061135,-5.05019746855293
-0.25963679867261963,-0.665302795560156,0.0816138192146052
-1.2564530852753661,0.7148483559493388,-2.4046189610711437
0.9872076337305727,-0.43166110038192784,1.8933488486852341
-0.09986212777244241,0.2276149399400876,1.5350141009093021
-2.3043175105259586,1.2949457956703048,-6.862985227159621
-0.064978608673755045,0.578334940469455,-0.23013294605008902
0.6208129669569487,1.3646727814735393,1.455048410852365
-1.281724538891242,-1.7015798026604065,-2.290778230187094
-1.3500125407062329,-0.28067627971379255,-3.758624294845596
0.03254659459467438,0.06506801949219312,-0.3412159268301913
1.3974622731255577,0.5785892916085147,2.352929135887855
-0.8302242088147727,-1.1692066215289698,-1.6999762967647927
1.3521644453028119,0.8061848554472886,2.9209448167779515
1.4934205747536151,0.30739007616233327,3.540061531799513
-1.18492082336952,0.2638060136047168,-2.8392631307740714
1.0181585898190033,0.5084847916050459,1.894402764925467
-0.14288809690830465,-0.1163584398769944,-0.4746989027570192
0.5234257328054748,0.9255460984991144,1.0864212726931382
1.9496651887807759,0.6482297737314896,2.867136726961634
0.935432262559927,-0.1502093741676993,3.5704336853900736
-0.17034401907318142,1.0403770193406994,1.273840999346027
-1.4130641294484387,0.29255868494618165,-2.876200005742103
0.5637393298313262,0.6687513994394645,1.3781443836327556
0.3493193690164068,-0.5941776416242214,-0.19854085223403894
1.6877039637491595,1.5804318369859205,4.161857889812779
1.4282016501545611,-0.003988944349983705,1.418142417139564
0.46981168346376695,0.8478427688934758,1.6997626662499639
0.13751804021518413,-0.100116525892691,-1.7668377104500725
0.35683496857749564,-0.2796299069805994,-0.4067686639643058
1.318777736539784,0.7844382452800065,4.827463073809322
-0.30797994678635654,-1.5846166445911747,-1.1693890671392397
-0.24554275219568575,0.4783661477940305,-0.6059249236089603
-0.936111819215549,0.39356637299481456,-1.8711043875972675
-0.7949595779355598,-2.6953293691245164,-2.918153408783846
0.09523619692678914,0.36837732853325683,1.2497494950101438
-0.6501066000289211,-2.168417747347006,-2.188228253426995
-0.19622165853562964,0.6598043768927196,0.5207682975392847
-0.727176604450186,-0.45391373338119023,0.23419407675458226
0.7174916431262635,-0.6949368252348941,2.7792836913443466
-0.14552425052000148,-0.00684630317266509,-0.7608719681047214
1.9704530173356376,1.3730520449839898,4.307648922510821
-0.9735412406275078,-0.6353230772178938,-1.339163693358418
-1.6765162852843079,0.5581032939487767,-3.981823445340133
-0.05762521285516713,0.34115786842187706,-0.9924530155065798
0.5580883853015057,-1.1795186291415571,1.0830973851780774
-0.6757866772731773,-1.7410220173339697,-0.47860429717764696
-2.176637422454831,-1.992585771239143,-5.252547825534293
-0.41728813792752184,0.5512742114678889,-0.5058937204203429
-0.04946122378897818,-0.0347420615312984,-1.7791179677002407
1.8594779978575837,1.8505717036106222,5.325395610513205
1.2954049704524901,0.5736751082630448,2.1888063130910735
1.066024890106484,0.8496958910826086,2.828857426236798
0.87169719328296,1.3343835853349533,1.1720019685849898
-0.9638160904042787,-0.5007190979649737,-2.712552341644371
0.964181590019817,0.5100979282284891,4.2934734429438555
1.4790390666994149,0.8687932702441542,5.168504264804151
1.153005607046939,1.3693516880030272,1.9382293965281916
1.4053384659497012,0.7626511463263687,3.795417070366111
0.4304514518940203,0.4211471730373329,0.20323078821799367
0.7580842308520607,-0.8682240472712233,0.8493971056282739
1.6224366860501545,0.7295603609576934,4.342244740995433
-0.8182038397401338,0.5002658724182875,-1.6245613313022385
1.7094069968284868,0.6342502537069103,5.13807414735882
0.8919618132275169,0.42364504557225646,3.0150782796053495
0.6448203469295591,-0.20183804471000422,-0.26003206876077245
0.0504880003977783,-0.07686589843401417,-0.703812920527038
-0.7488032919978609,0.6873641132815167,-2.211427573876474
-1.1986003528335163,0.17163150692454043,-1.5531883245917935
0.05366446931941812,-0.8301085743269885,-0.8345842269223245
-0.23138337251494667,-0.2901591198056675,-1.527119371580306
0.6692920548209158,-1.3191257241765095,0.6667629339509332
-0.30643010656991215,-0.9670319026689118,-1.7386444508012016
-0.41446982327392706,-0.14461107013551744,-1.6371668866151747
0.9719313484788182,-1.7981325563749255,2.60793438281664
-0.7719054756731959,-1.6885424745915787,-3.07971241903382
-0.3436905512925212,1.1025651994360843,-2.0511183104703696
0.49857360025179587,-0.5766189242114401,2.016730771488976
0.947712645059182,-1.8516917295514879,2.8776925174530845
-1.0107325867614847,-0.11286323942897494,-0.743991339825457
0.1231038247370666,1.3210692672215147,0.14382227216943355
-0.14665729120773,0.662254296934641,1.088493535160641
0.16520972808261636,0.44138319835363743,0.18077591344541422
0.6863021128954931,1.1837459122798408,2.0406915538882577
0.4986181923855318,-0.7715014411008938,-0.29548924672283894
1.2659716922972934,0.729689191352037,3.5059235973085574
-0.905767855014681,-0.5870856157788601,-3.4549690599377314
-0.013731083318728769,7.641863625140157e-4,-1.201739455986909
1.4519456394628232,2.2144653193401256,2.1446291554681283
-0.3036471642975001,0.9694343957092606,0.9452012896194975
0.686721143191806,0.7680077137172148,-0.15696778492634933
1.4116857205795883,-1.1083279118181597,2.9845966100957155
-1.5783814568650363,-0.7862359199947132,-2.4630648504709445
1.40944411089201,2.2841164802616007,4.947635408406593
-0.4002170219310096,-1.0933007639733106,0.8502458790047571
-0.936839563608549,0.21447937528507294,-3.2132141192950545
0.5310842059606796,0.8925710596370726,2.359228189169936
0.2561600280460062,1.018757972342258,-0.5900111317388799
-0.697029551864391,1.0891120109192385,-1.120901119729274
-0.02906291306573502,-0.16312898988521465,0.8486115781330713
0.33815182173556135,-0.8209866971199973,-0.12827340785397146
-0.28970499395535676,-0.30725723298863944,-0.5461608415933659
1.5268641446624205,-0.9020980085394633,4.598209229894444
1.7509340528375605,0.6270687431149836,3.8530255440484567
-0.4151559566635239,1.120355028426107,-1.217671775622311
2.016574892676951,2.127213552493526,5.252268782099369
1.3713027915906861,0.36611438293171894,2.0427269115604654
-0.9098414429226285,-0.8747813771936855,-2.2472650662447786
1.876232638646088,1.0244748629932277,4.895970095207174
1.9371855716374409,0.9047588936953099,3.3119055668894606
0.5547084995456475,-0.23824869590282663,2.454281663862815
0.4247678911155533,-1.557854903872314,1.4495916530716602
-0.7842221276529564,0.7613098953939141,-1.4631499365893736
2.2028614566250355,1.1291443956416265,5.488709392275737
-0.6821955407079796,-0.2951078307059341,-0.12492781020384003
-0.19968577382252378,0.5362428183580256,-1.6284455702416567
0.4288036328638686,-0.2758904747505109,1.4012347652945807
0.3078363912252697,0.6823152451375132,-0.5511035960582223
1.6478968672865726,-0.1172907147148488,2.8278704943893285
-0.8382694648172707,-0.3446758639200619,-0.28003562765266476
-0.5042708386295365,0.1116204981972104,-0.27940590031055623
0.1782435978009924,-0.2834053149822958,2.0516088838816815
0.3862819289721042,-0.5910171644542849,1.2105086034206711
2.8341196582819412,-0.3159369312423982,6.52280426065171
-1.3024723265832385,-0.008152152325535162,-5.126994439482348
1.1789972303860816,0.2074951407184738,1.033191642391455
1.3493063614462681,1.5324236216258387,3.4360399092100335
0.6953345138162152,-1.3579978309534841,-1.246042505178949
-1.328931876108598,-0.1996190505529424,-3.059067731228171
0.5533501474621592,0.6315231277808262,0.6721405835661289
0.03281597657146834,1.7620209034428667,1.0526449598197583
-1.6253422578097774,0.42601436261549497,-3.094913985163773
-0.9063414775059907,-0.013753416475399922,-0.8718689730500936
-1.1362498380141197,-0.30755690959635923,-3.024433520067443
1.7620072513576317,0.4143081641082895,3.7367357308692353
-0.41101947249367077,0.9890579201963894,-1.7800623171189496
0.8428183173622386,-0.18385831054605262,2.267437245135505
0.6550535995685277,0.16376140684655743,0.14871648783313063
-0.7296354447032474,0.21693634414438395,-0.668166235240582
0.7569552643784304,0.7292776342096561,4.399607212632264
0.8897875963415154,1.1113804070246889,2.0730068748157082
-1.0687811739449593,0.27916081693963113,-1.474725430079214
0.7022694532249628,-0.0761706715471799,2.577836484532372
0.41295943181272543,1.394663132208576,1.7392234608206851
-0.1900697041289275,0.16453411760558453,0.97001347764459
-0.4119659330190488,1.577851978793479,-1.304892394678682
-0.1926378405813797,-0.06192265761954978,-2.2400392066874617
-0.9006746663952518,0.6139229641936859,-1.0685598441720408
-0.4878160543394883,-1.546088594245239,-1.5754393735355914
-0.16647095643947035,-0.11239196133740753,-0.8060312375008551
-0.2518283090420343,-0.021794539960885737,-0.33022147524287143
0.8861969802110139,-0.7583454174165454,0.47605864241159845
-0.9298756477008387,-1.0358928844222988,-3.3079692049571103
0.1521229877640128,0.9481593025518112,1.6861941746285969
1.1380955961359842,0.9141587339277195,3.690222078694817
0.9313554004008155,-1.2987319948464597,1.2668825600956644
0.023074883586003972,0.424378794934342,1.4474854119228586
-0.26850992124980066,-1.112545319955086,-0.17802898355957297
0.7838124485045359,-1.051073226181558,1.506082384011275
0.47745929534653975,0.5254124482663556,-0.6582529769622625
0.12601975427752596,-0.6860240000930539,1.1857015432153155
0.03800570428058214,0.993479982122214,2.022106412262856
0.11137633366123974,0.038523599075345465,0.43636511866037675
0.16808540961651172,0.5361489757857237,0.3993233107600074
0.41892412181611294,-0.5236266978861612,0.8175844630276881
-0.4906876511123727,-1.151221334943593,-1.2284388295550501
-0.032763165617660406,0.9147522410027561,-1.1852872366114162
-0.00355822609312835,0.238071491562714,-0.7315513454598073
-0.5309402289113011,-0.23906775945470646,0.08495760081900383
1.5688767465128663,0.06923532654573628,3.0746641237619055
-0.662031470469913,1.3259083425992457,-1.2248744088924433
1.0031546918032785,-0.6981666346200721,2.4655770487389788
-0.2352683229698751,-0.7494084444631809,0.5505966317267571
-2.206441573536343,-0.6196150527073545,-5.420088829182771
-1.0203734795128918,-1.5849912682098666,-2.4533164404158048
1.4018701159987903,0.8196281375037422,2.450381646063288
-1.2352088817235296,0.1923696467442461,-2.138125310391012
0.1946660538409751,0.20717197421792888,1.9583235285038854
-1.240976426815142,-0.043347354347687266,-1.2622963189842025
-0.07200102661184143,-0.5101604414241099,-0.039144664901147874
0.7766957772085185,-0.8234186137762237,1.1874223301006206
0.05031890244209067,0.8518564032926725,-0.20098147461691407
0.5291430169999183,-1.426184672920152,-1.3346392167249308
0.861044478011239,0.4402989419654114,0.8173957220010746
0.9716607745369786,-0.7926116507576837,1.9002524790139463
1.417377694128085,0.2823102145454672,1.4755966856646516
0.7782033006515396,-0.740690522190153,1.7903144753187545
0.23347403056457033,-0.52334168268403,0.8010158681350222
0.5930979609042637,1.7693659170270113,0.9279366453764284
0.338123598065215,0.6682826189335125,1.1169379428108281
-0.28015451919683043,-2.1448970242756595,-0.5871410349551502
-0.862552461609702,0.12641241610031692,-2.8397775171331867
-0.7298415313122772,-0.4518129362572249,-3.536923448490257
-0.8390196754453545,-1.136626187777669,-1.3365262120096881
-0.46124303049030646,0.20978589043119397,0.3451275885195142
-0.2425401273568473,0.12996551601936235,1.5817057551598572
-0.15405454040345004,-0.3285065725680835,0.047866104460587755
-0.20298761585001535,1.9727035673374511,-1.338161228725756
-2.9089320182320506,-2.2486900668165575,-7.588011317790074
2.268989036657942,0.8382193872784917,4.3243900370681105
-0.9031803832258576,-0.28902327046257326,-1.0768024806988299
1.2190151946880232,0.6565134105793826,2.9567146252218914
-0.7538469849771956,-0.4539977006386823,-1.8282950583698894
0.3215562775055213,-0.5938645624450982,-0.46968585020044196
-0.6499613790409536,-1.7103796663946265,-1.0878261427057088
0.5385402766210461,-0.20944842827273827,1.8968984701650777
-1.1053386336893678,2.478745801357089,-0.4879666081496865
0.534587877236862,0.9897022081293694,0.017244453000879734
0.35336225033251245,1.6755721558268284,2.0926751948076245
1.6618241846659623,0.914965318314041,2.3287228503536053
0.011957607933873626,1.1442627079618555,0.7878650549363581
-0.11719774569799835,0.9028764144991074,1.2104512009548523
-1.6963351949603331,0.47539243176510304,-3.9057604942598054
-0.010524500917366925,-0.5825287739970081,0.7014984077697176
0.4590255529702844,-0.5329347373234755,0.35025634539878264
-0.7148457033090078,-1.6008399963752884,-1.5961831845616123
-0.5850572247637464,-0.005817713879992531,1.0854059542663113
0.630138779767561,0.8993556758567128,1.4529613218311508
-0.8867659763430731,1.0319225565260732,-2.2333555637245346
0.34326420150797643,0.09513270445541844,0.3041228264051635
0.8480991098478232,-0.547627617221911,1.1261277841200226
0.8227482281574825,3.2905174433185302,3.3987574260107403
-0.16728586433432113,0.7366855312504241,-1.3030753062469183
0.07702565232558861,1.4205753048791354,-0.0501418656374607
0.3846194758626119,-0.33768064066732417,1.4781601256316228
-1.284335792329557,-0.03795762705459461,-2.450817659922237
-0.7077691181420692,0.44860709770672613,1.1927090418863053
-0.9902609443319959,1.6765223119482935,-1.2314840099415725
-0.3603652717665845,-0.3114745454561275,-1.4925260094897317
0.21828257164042994,0.8536156667830692,-0.28162096075483045
-0.5423504229020386,-2.094814634320229,-0.4511721981074466
-0.320090114089858,-0.5072544340816331,-1.5740297419004807
-2.216873614201145,-1.2920090767633137,-4.669108696164243
-0.9430349212076155,1.113362717357099,-2.1900921069516763
-0.34525576325924257,-0.16445308828025726,0.4436499514177057
0.1586938253147679,-0.390374082006742,0.8868838759023598
0.598694698156711,1.3690998461985748,1.70677753301386
-0.7138329639903348,1.116272858240025,0.38156893601827857
0.752271140277511,-0.8980212034674973,-0.32171960000943844
0.17372304623438645,0.4278664876096466,0.34512481989189625
-0.7177629314527948,-1.2284445685122498,-3.1181115557501284
0.12597901695118272,-0.4756150242111789,0.3424395891105174
1.3377628303788796,1.6165776371469505,4.0348203445907735
1.0370933501819013,1.4501279513304426,2.8691751717821603
-0.06324973499516356,1.1090187554668374,-0.6517601168285939
-1.3523401890298186,-0.5709038863303239,-3.2110392104361765
0.29850453024860335,-1.881431470275554,-0.5211630141187616
-1.3978547276301374,-1.1756981840241583,-3.5924979375917983
-0.4006808928998663,0.9525565246275196,-0.7220207909291417
1.0582402480716449,-0.29056788616508766,2.7594582204653424
-1.1759434830391164,-2.1626081455679795,-4.023523541543481
-0.3098407878365484,-0.18018748771646198,-1.1284612511031178
0.8961472652378466,1.410239221124576,3.635155837017611
1.5282104053720156,0.6434686405195341,4.062138315160938
-1.2305216381034982,-0.8212585435294221,-1.877781624972767
0.2794081308104491,-1.5459166520650243,1.4142095947909437
-0.27660922877732963,-0.8265472256367883,-0.524268723176804
1.4314469916165216,0.03452767132152256,3.8088974848218142
1.2270210298764863,0.8880737009120573,2.1843716792738257
-0.628393652280954,-1.9399401547902562,-2.9776538261811325
-0.4477797150558858,1.0232017552741226,-1.5398239518429777
-1.2966521117714143,0.0054577265880219215,-3.375821494145828
-0.839014315797141,0.5697789696058284,-3.07928914327759
-0.9382320255935679,-1.6532555632348707,-1.3320993353192752
-1.407562374043271,-0.6666543801221815,-3.704339698393933
-0.27791858222030286,-0.4482341892655238,-2.458445395264482
-0.22257469160274274,1.0438913483090282,-1.2151546110570097
2.286517826354209,1.0281740473954162,3.7161832287008263
1.2302734776576447,0.43509045924833706,0.678013551450636
0.9895431608364368,1.6042121816238846,2.8905706496555115
-0.7131157156765748,-0.515411199745366,-1.3495947501550547
2.3206151109740705,1.0125371937739238,3.1697102629387324
-0.2894568455566703,-0.03594002979071896,1.0198213704132755
-0.2370663485492575,-0.6673420961764086,-1.3565933760488629
-1.6532113669927855,0.9233800383308376,-3.525280358042039
1.5088963549937282,1.3811003308494996,2.960253627636356
0.20870331815623078,0.8782504161848494,-1.8932619117246021
-1.1683473361176384,-0.5094034554222634,-2.174072618330525
-0.14866495573506908,-0.469787634155099,-0.6404561012832268
1.4905756466587854,1.3776758468060026,3.0588987584766487
0.1875085938699086,0.3528264064177482,1.1835115532855984
0.552272457249804,0.8295739793211206,1.6677520650571718
0.9581828856309621,-0.33870198366430654,1.167992079366166
-0.5386171648758584,1.2610349364646516,-1.016406829266385
-0.4919086213028645,-0.8087551449621929,-2.821501913965805
0.8779145371995084,0.6253515208666308,4.786430329883892
-1.6402838393973984,-0.8171749655681121,-4.587472849378862
0.45848846059660997,-2.4625750165857685,-0.5333180657434857
-1.4807554367537987,-1.3429575106796707,-1.726734295344821
0.30961428345496844,0.13629519921016184,0.9966968615316056
0.4421808753411229,0.8829227496258274,-0.18205551865823355
-1.1196868949283443,-1.7513020830948152,-2.2714121709668396
-0.15906606486384722,-1.2514244689195255,-1.3292883765190737
0.33712443754097765,1.7645459965754864,0.9582288845456244
0.7637747017475021,-0.433899349823264,2.304715685726645
-1.193534527190456,0.5057001319306015,-3.2441718125037813
1.139611242373992,-0.5269353213773207,1.2332568403729105
-0.3424037320676106,-0.2985828851515049,-0.7172083203364551
-0.715607744334228,0.08724420660523748,-2.6980243180741335
-1.0596606898300323,0.010961842799005831,-2.1426042370483143
1.02214757592535,-0.19256021104206494,0.42988830084265595
-1.6795146171675046,-0.4697964851437389,-4.271014748624834
-0.7763930893064686,-3.047860889798723,-0.5101795690125026
-0.0355730347600095,1.8686555003337033,1.0566948223066785
-0.23138593575343136,1.7904242082430375,-0.0784125310562934
-0.49107312117422,-1.1010817417192325,-2.4720308961907276
0.008348429199676703,-0.168107522109968,0.7608623781944832
0.043557198953792564,1.3752753047124937,-0.5661665412872141
-0.448187750163699,0.9982900230522016,-1.1101805632352586
1.11202978667641,1.2766016187457718,1.5411301841545888
0.33959453447019516,-1.071746918159796,-0.2855107939453744
2.4219997896788197,2.5772680961979684,6.434594056312886
-1.328784397812047,-1.1334599597703279,-3.6267181245967173
-0.7819496176552201,0.7539163418832874,0.1533421444090579
-0.7728229545037998,0.14127598044568912,-1.2694133110928465
-1.2684778180177672,-0.4037103179620311,-2.6658681361155296
1.8703071977144783,-0.3794157981810192,2.311872850963838
-2.8069619383378877,-0.991396812531003,-5.575957142700434
-0.9250064063313654,1.622659795756807,-1.4563822210413382
-0.7324800002800151,0.08951322776275147,-0.7915098184478421
-0.1618687783663802,0.2592179492143776,-1.2153039041300633
-0.08505516074215921,0.20963283306103483,1.5739707156181462
0.9022602590481035,-0.37517075306086645,2.0492767047650107
0.9405863209881602,-1.1340212447550475,0.6007671271209364
-0.9654231771930937,0.25372630968396137,-1.7951724350492837
-0.40299537534560503,-2.093639449958927,-1.3354360569354788
-2.1135740931674514,-1.4185669428356145,-4.328276033463024
0.568601572697627,-1.0763966949383805,-0.6003490504674895
-1.1978908245717825,-1.0786788626723536,-1.86910345731469
0.4770006640420924,0.10718881656708051,0.045264300573488625
-0.5154175987887852,1.5984875483247432,-1.0700476838291881
-0.437704361105642,-1.5153241440649667,-0.8053423183640699
0.12267822549691981,0.4336760205966114,-0.0473351264228562
-0.8029052126642695,0.8995447533210393,-1.509849023895837
0.08275304473575057,-0.9895322022888755,-0.9799304230503956
3.260068478512135,-0.05279940152247909,5.671377457356362
0.2674405715302881,0.8236109026220566,1.3865118913487293
-0.49287213447972694,-0.2555091025473886,-0.08695513016062784
-0.581392131908022,-0.22068434725121291,-2.3847518465994493
-0.268183434023347,0.30772679121061786,-1.1578478379485935
0.15080276196339368,-0.06001325333327087,-0.3666050821108781
-1.0384479484633886,-0.5556528899392178,-3.9439091598001457
1.4800532378847917,-0.13861501946089108,2.70191387397351
1.1672362911700784,1.8828397923864713,3.1390287312937453
1.1855132430368465,0.8736686796060283,2.5872205496545835
1.109278479211843,-0.9145970728276233,1.6216573477398288
-1.46282145348976,-1.2449176223313199,-2.6581513350104418
-1.0449169813314065,-0.3599822406826078,0.5414452231415927
0.7271604703559158,1.3287747009479838,-0.4694320512693877
-0.39209029277703367,0.29267911841695293,-2.4522172643115523
0.3007090013820536,-0.7015052368406616,0.6572037226519476
0.19490956162483777,0.8822345678180202,2.1367831730777294
0.6659289681299251,-0.13337038872289197,-0.26725279702986726
-1.9432751302388556,-1.1206784992914183,-4.3267842769657
0.8411100715678632,0.46119245421178834,3.055622870661504
-1.388289543111772,1.5241428101788115,-1.433982671850557
0.11200812556182864,0.4344682981328278,0.46364698104043245
0.5280999851107517,0.1920003711389287,1.15213772150312
-0.9917295120914804,-0.6562431284170578,-1.5668245981994398
1.6712194591644105,0.5683985308695277,3.2974745902356215
-0.10304371880796265,-1.0705705348903856,1.1262640806392459
-2.105703307068115,-1.6531490244808913,-5.264858476172864
1.5489353508811243,-0.04335276849375409,2.4092720182396334
0.3002134365168246,-0.03459350579903832,1.538194694636926
0.433350957510653,2.365055532002811,1.9866705673942915
0.3600955162087376,-1.2163473078918985,1.6590837013968764
-1.198943530597458,0.1709063233490441,-4.465658833431291
0.2431865521893183,0.8050530936221936,0.5864695373378311
0.5983103245604379,1.0505928441158847,1.1067079061502174
-2.924513360883115,-0.010724484659323581,-6.225109959380277
-0.633065628362114,-0.7432561414292517,-0.4581055837549972
-0.7103547120595838,-0.06578405186998708,-2.844272922627585
0.9374540652290146,1.9397559919371588,2.584395236346321
1.258015057235169,0.48273900817583304,3.801001147542509
-0.4656870048502727,-2.044477072558074,-0.8425704655450093
-0.37512876247352317,1.4234591286502494,-2.145064827490937
0.08536234823715047,0.540502660915081,-0.18068202351785023
-1.0202997648788805,-0.03357177183752501,-3.0288792532842423
-1.0138618428011568,-0.017863621110098638,-2.958609972216209
-2.5483434251554096,-0.1497897197934033,-6.00889974209875
-0.1839992641129543,0.25655948095524983,0.42465079302055647
0.43663498428805353,-0.5038669330370166,-0.32194570104066145
0.354548960223599,0.277011251660008,1.5918071707893395
-1.3279882958295688,-0.9313560248207411,-2.9073140093734344
-0.4084033148447959,0.20014687527475664,-1.9541238688427267
1.462743476253659,1.1068374206664453,3.5050143782379792
0.8920988002646527,0.5092061136538016,3.0755665390024314
0.8496228852794305,1.0337496764511125,2.368411486363536
-0.6484247513823616,-1.0908687618026174,-0.6580629069498966
-0.03626371758187425,0.054792784472596785,0.3220958131081937
-0.9290729602886645,0.6172503027220625,-1.5448209844757552
-0.2814814641507405,-1.0680048677332843,-3.028077086864758
0.874319645181787,1.5658143370584596,3.2261256923530617
-0.2556312094206412,-1.0348080109852613,-2.378895715807479
0.26400582406168116,0.1645187085058397,-0.7974868484973677
-2.3590991473806753,0.15183233035508062,-4.1885540022402274
0.3229580952184382,0.12167030196685442,1.1016350040208533
-0.3903965537398878,-0.21042458364346817,-0.5148372145843585
-1.1265400971376724,0.4499367871462046,-0.4353466599522313
-0.610785207667728,-1.0311644918974627,-0.5751949428384502
-0.1968587042917604,-1.2893641882232225,-1.3811089827760181
-1.1518066082678489,-0.6545686381132457,-3.591439660827704
0.004126972454561031,-0.05732410384777964,1.521264780807639
-0.8018098267393443,1.2567478203570457,-1.4951023280180737
-0.6054390549906346,1.587454139864543,-0.7557230612047663
1.909990538120454,0.3194814625447458,5.134963957433312
0.8885329639670606,0.3815916226931482,1.4962733378130286
-1.6524184405399724,-0.24364488363944511,-3.801432477779606
-0.22323298233870312,0.048053084053034094,-1.2013767956488721
-0.2902074820185515,-1.404545861101792,-0.24815907129318537
-0.22048633809661455,0.28993372889576424,-1.2107118974122906
0.9345428670863742,-0.535553582293745,-0.4446596553136397
2.359195188080087,0.3346787731005488,3.749347914081307
-0.6828100076765493,-0.3459813391545017,-1.5873475237644614
0.6462483930640586,-0.6616157348364468,0.1519779970375973
1.052558182070904,-0.2191113768020462,2.3202554866883878
0.296080602747127,-0.3669049106337066,0.7951128038354183
0.7987224579542126,1.0945782078423703,0.3152713623538532
1.2889428819406967,0.2092080824371277,2.382408718808321
0.25068117338450224,0.4324914261532155,1.5347299759922488
-2.350520404995415,-1.2408535858007765,-4.687013676186186
0.8962950882721507,1.4968217096280179,2.34766712780161
-1.2399545934410365,0.15937044116076193,-4.2191147406554315
-0.8690561677283659,-0.8562814034032533,-1.8581292325325702
-0.14680427987905525,0.3090466454468212,1.1893870335967518
-1.8609818915032879,0.870434029844877,-2.2077263432694805
-0.5986981805411322,-1.3836771383015611,-2.079690028414209
1.3941390681665466,1.6901069700305613,4.206175644783619
-0.6702165000651218,-0.15803070517836224,-0.5050249148300973
-1.1501401941663056,1.1211707806486448,-0.5573617039092063
-0.2802533722347384,0.07226131908891507,0.2787839680967863
-0.6731921570992476,-0.33242284456672405,-2.859448728757474
-0.2396023920646132,-1.8349200466268638,-0.27042704685375485
-0.9516123699069853,-1.1001722185871914,-4.2852650681708795
-0.7136654323692937,-0.041340299917430955,-0.31854662402570955
0.6060467239478496,0.8278525451171423,2.7441082136467703
-0.06865853845487602,-1.881678654154572,-0.4564039065975751
1.5576373407899946,1.3754411123242438,1.5853046114252485
1.4850891342033188,1.3989904643029751,4.457745554371444
-0.998568251625229,-1.1433162559109407,-1.4180711653108404
1.0472860708422955,0.4723005621931103,3.53207071860968
-1.634830234613351,-1.0336392133542112,-3.742849806648959
0.12248341403754229,-0.12519997868828364,0.1564506051500677
-1.7086631512525439,0.9286627388466829,-1.7908788388119208
0.6652062176796267,0.8683396476987716,2.1759213483430293
-1.3281810548669926,-0.8491746036334779,-3.995231911151418
-0.18980570333508023,-0.38663645447556605,0.13582950567814772
-0.018816013981130197,-0.9761635709971657,0.09173158198133946
-1.3980069609268602,0.33954365990491486,-2.0013375928586288
0.43008267141246925,-1.5590751644337728,0.916199592445515
0.30768974996421594,-2.629325441551361,0.34691889316774915
0.7183049612257647,1.4698122818728592,2.621294180984783
-0.5531336171419848,2.273472912994724,-0.7169432881464668
-1.6211868968956236,-0.45503354023882847,-1.9407490384183568
-1.2751957370565918,0.7611024870948921,-3.219578403453917
-0.44857333836507685,-0.007502783709721126,-0.37781465848187756
0.3355525574511934,1.474313799715992,-0.8998683099956697
0.5193669446241277,0.5541439325693809,1.2806948792540467
0.8568101808028049,0.2036639651161509,1.730185315506703
-1.0582228127239568,-1.7991364517658726,-3.17116801111822
1.4259781720712654,1.0829556807977545,1.6064677727372556
-0.4750241703847042,-0.35085361504685575,-3.0011657561188545
-1.9218038134133602,-1.4034900847150267,-4.40603878260612
0.6529507883313792,-0.20179666491333048,-0.5470256632435007
0.5189459332374083,-0.12677815979230328,0.8898873761830627
0.4357132268767138,1.0592068726661539,0.17893746598246985
0.14098028821198122,-1.1673960322639958,0.9455796759392029
1.2628102256970724,-0.5576436273184446,3.121349164796967
0.11632475224631922,1.4881199283831594,0.1161760412072641
1.4176011427957196,1.3586657687700314,4.192888895666981
-0.2018929584363251,1.1632145439023625,1.9820834200826993
1.8832736948164492,1.6615239453478807,4.990343677914708
-0.10438820219688213,0.20403097982989624,0.309244125924086
-0.4073694494553144,-0.5818836868697749,-1.6420776984539962
0.7867996188849197,0.5552040618634221,0.8888787384918804
0.9249014611433257,1.058723125825928,2.0644584384853935
2.1651548980590944,2.41363327147105,5.815410828497084
-0.11951178264569695,-1.964982332711188,-1.7466952294740543
1.0897972108856468,0.2732357030668174,1.4399463359485472
0.8804501763908298,0.6547945828696455,1.4567867342154017
-0.49635391143024743,-0.05459865536038311,-1.6969160617631909
0.7999418640445177,-1.5578222484851116,0.9978980907022934
-0.7457782431007569,0.7415008920862445,-2.4448945279516625
0.7876390511503448,-0.7790857412639194,-0.16861781605154214
-0.7434085461867581,0.5058614988305126,0.11737710666078449
1.25120414705569,0.9075517060178507,3.3610858590688375
0.2731908521848407,1.2839570104745934,1.2812808693194788
-0.4322638683424341,-1.5578637973855691,-2.952222814428418
2.2559611819333325,1.0817418481791168,2.0377467485980665
-0.987311549701936,-0.7569813569460192,-1.2495162440600573
0.6607447511831961,-1.2890194738489604,1.6226977877546802
-0.2848609790263232,1.3143206659194346,0.37482757605798217
0.36881231715416696,1.146259973264976,1.807015741591265
-0.19613869938686163,-0.24258326770500363,0.4246898262675022
2.1692644716739267,0.7595407062383449,4.6174476043123045
1.0140969059631035,-0.8603257414230616,0.18266436875732772
0.030067427322563872,-0.15103157905204367,-0.13426527550473277
0.10615725819279138,-0.09372323376087192,1.777644608422623
-0.0025071325677042816,-0.2807400545040042,-0.6722883163891481
-1.158085717185558,0.7340987364972426,-3.1716480042051725
-1.2228726213981145,1.537327535495946,-3.87685417524751
-0.323877647081185,-0.4557710627789024,-0.4611446296281973
-0.21507557114493206,-0.03265845235572894,0.27760067872433897
-0.2354582020830942,1.6367573491654979,0.9125028302775248
-0.9910300353295025,-0.32904197052653794,-1.4803456638266344
-0.833872482403241,-2.6040381706071045,-1.44379469978854
1.9379771364163658,0.5139837864479315,5.3460537691901555
-0.6169474731733866,-0.886468011111257,-1.964255856204667
0.8277734882916199,-0.998538406003926,0.5592753645077659
0.17985593219242677,1.4208168135848527,1.5701806423126952
1.0439168141024133,2.4479980070152325,4.629069421856538
1.8619436045414857,-1.039782541403543,3.507420850769326
0.6042492194487001,1.0310251816667597,2.4111387034402583
-0.6766429694394122,-0.09414783836963307,-0.3903862634506655
-1.6639873843181838,0.14180745922044782,-3.7480197851093777
-0.14641718186510333,1.2222367014564033,0.21902898464724543
1.0619696269541412,0.2136745184410659,2.625288855835013
-0.7208157009360157,-0.8513653538607575,-0.9974234636764825
0.6742338825484863,-0.4704088747428614,0.772105818049166
-0.03456307824182636,0.6861352552988725,-1.0822642634120698
-2.103235523171489,-2.3359473318599004,-4.236739608818292
-1.5675231362108437,1.0952443818484725,-4.313573827247255
-1.480380559677477,-1.5671500988322404,-3.9035487518624623
0.013994672444176862,0.02193106281838239,1.047477403651579
-0.5538733804897236,-0.19035897759196008,-1.6480748866332149
-0.399342889007858,1.2930694860243448,-0.21201594483946304
0.14629542156540684,0.18884931505662944,-0.5052282956409793
-1.0622227035883909,0.10193913490521195,-1.807498218344079
1.1779835218181909,0.6981358088585978,3.299007312891223
-0.8459788902697579,-0.827014556190432,-0.7936731321271708
-0.23291800683531522,-0.1958988560663759,0.063342544286767
-0.5503459682376721,1.177584413807768,-0.8704389794394067
0.7526000971908842,0.6834736209798509,0.8316903422762413
-0.00785716309395057,-1.2754967067525278,-0.6691464440539162
-0.2535494536815919,0.6379563674108805,0.4034693771327744
-2.3826248716787886,-1.3775896246037205,-3.4418057920890233
-0.01953458359171964,-0.5983108037196698,0.04073829144238386
0.7891041991704845,1.2109203838570053,1.4208904366740318
-0.1843575269635374,-2.251045175445851,-2.1936833276302887
0.5157759690579555,-1.7790141908808283,0.1615827568913985
-0.42938563133242375,1.301372672826425,1.1107098767694452
-0.9828193059156173,-0.8147927840526545,-3.670021254420875
-0.906038577928242,1.2437070185789114,-2.4448845085358446
0.8070726149516508,-0.16825020075610592,1.8771991732338364
-0.3312483895358509,0.4277756783629235,-3.634979522896262
-0.5537591224076861,0.8132788896292387,0.5217430415837354
-0.2415177946204394,-0.6512118693600442,-0.9416531412593702
-0.2823530256390613,-0.30459092314660546,-0.8908710446124717
-0.7598650239607841,-0.41509716964563587,-1.0772721303095318
2.8112701837101857,2.8160842760223783,9.220958563857758
-0.7026640853879599,0.12614706909757933,-2.3678700077556853
1.2832401743493023,0.4728004231110856,2.0382529311111197
0.497804476696499,-0.3407535409409499,1.454690967818331
1.743827065389941,-0.24179064265460967,1.8395946388871014
0.5234986797882164,1.3787546688573127,1.4208802673038474
-0.09263703417278761,-0.3388836695373905,-0.06200638349591353
-0.6101474661821272,0.020136302760760883,-0.9660550396369605
-1.0887183510422287,0.37696216414106715,-2.0103966898622763
-0.43116016837125704,-0.43172374503787664,-0.29161173550758457
-0.005409513968054114,1.9590641561770328,0.19944023007837863
-0.9445311752394979,-1.4284596122211728,-2.0826966729563443
0.9762236765985468,2.011292979845626,3.500276970444522
-0.5526475663640203,-0.3515918888791792,-0.6260385576713755
-3.0066521113440228,1.3571196468494904,-5.391104325789106
-0.8087511014900712,-1.9991774110074707,-2.1169282225567305
0.4750618052767849,0.9560806214284532,3.651253505240967
0.19225765678455364,0.8764312649768653,0.38515345634685905
-0.18035394110083514,-1.2712169715600856,-0.982161440064792
-0.6808422346292052,-0.7683238784896285,-1.3523148976069346
1.0104296390634442,0.1935248454702216,3.0508885865646778
0.0042108931783735315,1.1438354287970096,0.34311804817672725
-0.6885432588153303,-0.7659993040286741,-1.5667253716331035
0.857504715825954,-0.22412599905329839,0.8793012868453522
1.664190638453923,1.5713469349773357,5.192348211488644
-0.7571119973555569,-1.127347240851492,-2.2581675387057567
0.15769931346354388,0.9477939807168582,0.9137386076553031
-0.5755308982459464,0.44876818923489664,0.18292429022715329
-0.20187663461717384,-1.105814528556326,-2.383922235383408
1.543131721086223,-0.6678678421737811,4.24035829505493
1.1112203547369413,0.7832775103021974,3.015515404926047
0.7203285960646371,0.24895943271212675,1.262572205913498
0.8941525382470215,1.4250982774674759,2.855143644165102
-0.39214263491046253,-0.6017839620915865,-1.5412412416047823
-2.1803241904280695,-1.7144876963794762,-4.884422995636376
1.0633785132053317,1.0478269264782643,1.6245073634671134
-0.037701224467128674,-0.6086216184341283,0.22306021118610198
-0.4826810129180905,0.12034052682255575,-1.1932972263382378
1.8269941517514985,1.719041813851801,3.9394782890069586
0.7704893637837621,-0.25041405231119535,2.8695600819209544
1.6748271096205793,1.5495553273969773,5.293624240461952
0.41828612643213176,-1.0971396499324457,-0.1913146070695123
-0.4844791842427028,0.9255112361162364,0.16960666441734418
-0.1809146872780805,0.24679921187099785,0.20231710139435932
-2.1314770833569106,-0.7367715393514503,-3.7435147764994694
-0.5852108280797981,-1.2800089388896545,-0.9253838082676311
-1.7549626846800073,0.07664366359450792,-4.081761827961245
0.18877881032104304,0.25516476245408215,0.4561986036635029
0.23758846828696384,0.2774468170346783,-0.09779735285014468
-0.4572304347216851,0.5368560222315484,-1.059116774819256
-0.1613921857866382,-0.46048556597671125,-0.9645950832767084
-1.771517819633849,-0.5116037221895807,-3.8471467163686732
0.450262515971684,0.23693787912763062,1.7725469540695458
1.7397737290199298,-0.541589171621698,2.1303528583067077
0.967642561060304,1.219227647043073,2.7316897799696385
1.78459046293658,0.17413587510614925,3.8381687828482307
-0.3314500482088936,-0.6152683160964777,0.11381175427071732
-0.814936130653186,-1.8068929640853275,-3.7285044608412075
0.954385280181827,-0.6436811058960393,2.2605101550556483
1.1192053257022176,2.0460188521328173,3.179985129455152
0.632808748648114,-0.5607624211310647,0.6085795381528911
-0.3860610833182765,-0.8359993058528583,-0.8988607457183332
0.14825392550743313,0.6529475027778472,0.11845398207254781
0.3824906179023957,0.4412931248429337,2.567015921433998
0.2690430819095221,0.7516290565912752,1.067993131931995
0.7080531232840788,-0.2779750851553373,1.2030524701365735
-0.03115191741293094,1.122654216259672,0.2130868246095896
-1.2719680950483823,-1.1726088601980096,-3.4999025538126194
1.4649225068157068,-0.048876767973658974,3.184444230865643
-0.9490983063575872,-0.7041403372179564,-3.078021847255042
0.4925718643724792,0.6807586380171834,1.3800288385787056
-1.8218078215933944,0.13000676140213618,-5.470586875746193
-0.31078949910921644,1.1097080817701364,-0.5798084544982589
3.0389303751443664,2.058500868981345,7.800720787758304
0.13366907576829384,0.14065553172498405,-0.09881399967944932
0.6560561169420651,-0.5346166521983824,1.8213725480945353
0.2960881643789768,-0.8235167265187038,2.410410548683094
-1.4986173754664363,-0.26303398223064484,-2.0495138561336343
0.8384799144688971,-0.06960183636037785,2.294411124450873
-0.4241514918236271,1.9918019147205746,0.5291926260075516
0.3741575292367002,-1.1291095427377684,-0.9557573234816402
-1.5335794810229404,-1.0932174365248826,-4.314759774562686
-0.15394921121212546,-0.4079666903177789,1.6082054397571939
0.7065328642942752,0.5875594634983127,1.062504758372224
-0.07975127337851073,0.8211118597374072,1.228911146552195
-0.417105758888882,-0.9079346992418467,-0.6210991026875401
0.6110646353976922,0.12703860634958847,-0.03733052105799928
0.7073559327686304,-0.042892977897576484,2.134300411354742
1.8764500661066494,1.1952064704257663,3.590446235952297
3.1514764352971616,1.0891922365020537,6.18368191812699
-0.206422638169436,-0.3122806944345209,-1.061935329685171
1.3432593101361487,0.0459937666619196,3.713826960342577
0.8884758985766321,0.6527226134015429,2.733279585966056
-0.42610393111000056,-1.6534926365969662,-0.8326495775675354
-0.1459191338892814,-0.31027096548004574,0.3188527929863356
-0.8241397249435323,0.5748728840024816,-3.3463979025066184
0.8340642958883295,-0.5232321543801184,1.468536473753447
1.0190658952744744,-0.0599182013481885,1.4398225691836628
-0.5082558486936836,-0.021007535433706925,-1.788009825468798
-1.4183471862899806,-0.7236532143163125,-3.8794824407805524
-0.2680555984569427,-0.9944798361783912,-1.2265873938741583
1.0571032087870353,-0.1998672349981279,1.2397814964981735
1.6365701627008504,-0.34702782280708566,2.1200631613869803
-0.3063030215134232,0.8340950656614534,-1.8603806580537303
0.33878283345495686,1.5298822124949227,3.0119753306459893
1.7096558658057108,-0.011922379366647194,3.8877004494842904
-0.28335964895215976,0.3986719924915465,-0.3452006199973997
-1.0314026307666224,-0.07041531390572908,-0.6954137537586074
0.5292056363390434,0.601359843881131,0.21819017912905214
2.4432764556411857,0.21849546227879746,4.983955398314632
-0.6811846593066826,0.23659550186020864,-0.2967680008084287
-0.1392111129246249,1.112915127616003,-0.3909742185197666
-0.4001138560536245,-0.9874211493954547,-2.385983551004817
0.49343719997011637,1.4478640131254945,0.840890328987681
-0.28411613514884054,0.34911241217982936,-1.20271967467987
0.5326067080798753,0.18082201071219464,1.5772174890994897
-0.8241623658085943,-0.5602418511305788,-0.9283854482111186
-0.18381474955726476,-0.16387759158252943,-0.39683564424395934
0.7880631368866712,0.37368480443044355,1.3169002059456985
-0.48720424034230164,-2.0637142573984213,-3.8544352611854826
0.5093521715865972,-0.6015219488380924,0.5978118833955148
-1.214846610297435,0.5859916123058095,-1.5761788500708889
-0.9185778199825693,-0.2944817863517749,-2.885554916282193
-0.39496019441972685,-0.8005275454842625,-0.7709326366134149
-1.765171025460047,-0.6356945311349901,-3.500074358223296
0.2612738314608596,0.23574903241404346,-0.6144575225199701
0.43107894981051065,-1.6348323848475088,1.855117491296541
0.13010925028965994,0.8712292405822065,1.0548526206305273
-2.291076979218347,-2.1689346744359477,-4.395094794788336
-0.39891915807584183,-0.5033395223155588,-1.435766446150233
-1.5362463512576183,-0.7871824789734866,-1.8120229648132626
-0.6399158198252799,-1.2486002095484188,-2.233771874319119
-1.72416423154968,-1.077907340112954,-3.5759906047718086
-1.9676798787998087,0.2500773536056022,-5.155472514515316
0.8158464789057516,-0.11977403121588011,0.8083046470853286
0.16947536087219622,-0.30085263245286026,0.12057176660398011
-1.8604368436027494,-2.3207637755818555,-3.6850730495042443
-1.8093555813031046,-1.3243207114957858,-4.506329270534666
-1.2676953321690234,-0.1313071124627027,-3.210320664789665
-0.8002747839310217,-0.87803515301306,-1.8842627618387613
0.9623746364984939,-0.7967689303110083,-0.1000217150495224
0.6944039609418609,1.0495407129977024,0.6298308664647947
-0.9047258530943444,0.1755883485173412,-3.3276787345095524
0.6646380299701791,-1.04384462163877,2.142170163488859
-1.5318938422997586,-0.46869601500221425,-3.3309766061223876
1.5919350084128614,-0.2849034815508694,3.151239930611463
-0.4545705729708793,-0.680295181235103,-1.229757812730242
1.1431677422496254,-0.9640536104945644,0.6125333100570427
-1.0323248484112835,-0.051804082000394186,-2.861323598456217
0.1919281338938009,0.7411947195197623,1.335552893293081
-0.4423400365470514,0.22685200356729512,-0.6415129889583375
0.28082785223994733,-0.20014701271576105,1.3571447651863644
-0.8539885918396385,0.387820244768823,-1.2567810892868034
-0.9866168568157994,0.7939183670514974,-1.8435880777306124
-0.9918543013803813,-0.1405139582483636,-2.4756089274012223
1.9026297147134388,0.4558051989458742,5.810179773063606
-0.10351096082050151,-1.1455729070859644,-0.8682349506980609
0.953681503787134,-0.2496506881688706,1.5909710115407614
-0.8883509705223647,-0.4202982754940417,-1.5696048917857697
-0.052661035284308086,0.19566450356004084,0.16815265812945723
0.01511328152483174,0.35731951384298416,-1.2948464586706452
-0.31275923822203866,-0.12361797899733756,-0.8586840881690962
-0.36855285902867574,-0.7662142227898014,-0.3880159144413271
0.016932117497870436,-0.9297142167847186,-1.4835648853925079
-0.7088538345774328,0.2785206106020793,-0.1468560773843406
1.1773350194826082,1.3568368522754186,1.705732869377492
1.5590625323873915,-0.7871355949296953,1.0003268722814818
-0.1758886908446868,-0.3847986722971946,-1.7995316843710627
0.6190916048466168,0.33068056025194276,2.546838110780079
0.0440871961855476,-0.5546204500628298,0.9314397747000382
-3.6796931801422184e-4,0.12157231482045276,2.110254096082895
0.4336272227609672,-0.047596116978360234,0.7353284719273773
-0.2902197045599325,-0.7762515905666828,-1.263353249915084
-0.6200022358088569,0.8314412511383116,0.021465635865204002
0.16498219894824537,0.8463078372229703,1.563189246092167
1.5242093008945052,1.0241395066572005,1.5983198032686727
0.9503321827093736,1.2679965861823759,2.1154658894969214
0.24347135484585355,-0.5063617879225755,0.2144262766010585
-0.25318802213777714,-0.4644818965083054,-2.368943553662522
0.6312713062570391,0.2612180004917402,1.0777926765189867
-1.8405357729839034,0.6300809765516252,-4.405076025887177
-0.17058254455916488,-0.33962615622490394,-0.20792593389517539
-1.6246752837579106,-0.423344808400481,-2.5493986914262257
-0.5909371528745132,-0.6182715275546519,-2.092044406966842
-0.9556307858616796,1.4822018907267425,-1.2263745996347348
0.5150582480260749,-2.5081663520414756,-0.0103875743627026
-0.7389852700731753,-0.16757803378387975,-1.7968311333676066
-0.4771884373758443,0.038212877053534135,0.7303640434964496
0.91742652611614806,-1.0596096029935695,1.0638749403691068
0.9288780137850837,0.3854258948206376,2.174816475554507
-0.9326946619333115,-1.9670876838101063,-2.8994418218072675
-1.7333427279020768,0.9549688611119181,-2.8256986003205267
0.3380020154852336,-1.663360584870596,2.591920599207288
-1.0341683379846862,-2.2027348800970254,-3.594627487246214
-0.9349828307030333,-0.7635638257920286,-3.1222150588337856
-0.4906255467721944,0.1620803939123213,-1.2808513036299978
-1.314954633693072,-0.6515671647641644,-3.675302537243196
-1.58667493176039,-0.5592869952776186,-3.5781377895418007
-0.9122911565207911,0.33320497505777946,-3.1998314008954845
0.7654682572271627,-1.0589009214884517,1.2849784036361
-1.0710551372517199,-0.08584954576047256,-4.1152711089844525
-0.1744848356818233,0.4979329929293946,-1.0201957366816414
1.0146350827688844,1.6339896567086085,2.2790222599746346
0.5894934547230251,0.4794518812401966,0.1672562262612327
-1.4345808001387736,1.714762992166759,-2.062759573148804
1.5976718873560951,0.4531600335297159,2.265644427716606
0.1769683421464973,-0.0032411268253602498,0.25727961666600985
0.32273546267185693,-2.2565348562493934,0.24021912807531937
-1.3046898127558817,-1.2246585519306437,-3.8202015759226864
-0.5439188275753076,-0.3189626237382235,-1.9970930806378322
-0.05525278556151264,0.7122704558537826,1.105875508849552
0.5553809850797773,-0.32251357317817037,0.48146735879436253
-1.057995036574555,0.5436486212548373,-0.9030892016609786
-0.7983213183998579,-1.0638113518387409,-2.896044841525822
0.5429259641283901,-0.2741297173505571,-0.3855116287513405
1.1593063053558745,0.21700603247715006,3.0019201751562012
-1.0130943777926986,-0.35938571816561066,-2.076620583833265
1.4459634618185215,0.11283169498315024,3.006201057869829
-0.33383318934393,-0.6707480260532573,-2.1754869902290777
-0.08014600770841619,0.3743452232595038,1.342397547737078
0.6489365865797123,-0.08105489251125737,1.2964905979649006
0.8620487643001158,-0.04704934665312854,1.7443247646713034
-1.3429826230741062,-1.9487870864461454,-4.0900522179825645
0.662479197518903,-0.6736685812787407,-1.3746372836779548
-1.3958566247700652,-1.489644084898248,-4.024239692510645
0.35685299398325526,-1.6057180576203036,-0.29957740459442767
-0.6785804653117893,-0.49388310084523634,-1.1554199338547988
-0.8351480589273491,-0.16079836774560313,-2.2739184036475293
1.1440988667645728,0.2836002258006194,3.563050711106466
0.797656857277012,1.0912626503003218,1.8564880535294592
-1.0846547674034288,0.4444002969225847,-1.6414835991630539
1.173850693652859,1.0120703407584752,3.1657535878219574
-0.4253194449096115,-0.5263102876345331,-0.7376545643136856
0.47607698660997383,-0.30784017318878687,1.083768510547675
0.7826964844691231,1.0851688844262526,2.955336829922953
-0.9695977865964946,0.0012071839381037818,-1.6431490659228496
-0.6188984536909709,-1.6802447156833742,-2.2128304738511138
-0.27741393008905013,-0.8465555190921247,1.4804180450072468
-0.1318670812244469,1.0075920598327341,1.0681896203109509
-2.1775551794356334,-0.6107372576774601,-4.7550540955583696
-0.4076342297955137,0.3334441327771222,-0.29886312331996123
0.4945433744309968,0.014222695680645084,2.257624485268231
0.8171974527041084,-0.4963576073496625,1.2304107874613375
1.0399171025262013,-0.35078639240638104,3.093043556003085
0.8312858301068389,0.3917205478580947,2.4978620922505668
-0.13880517710630758,0.20957882889224522,-0.9783607033961137
0.024649858609560094,1.234670139899166,-1.268367441692894
-0.640706572164895,-0.19981978443493656,-0.2706493672175059
0.6618038037549181,-0.9232080420266825,3.7658876729393462
-0.5536995643655308,0.1659031015794433,0.4503534395102575
0.4151140543419977,0.7053345532441803,1.1950744687902612
1.6128230919567281,2.2819669557269937,4.318689022915028
0.21998555830958405,-0.46368301310373355,3.147025319606161
0.08885126647905824,-0.3263535719082666,1.9010258329568046
-0.15509747662544598,0.8824932103979493,0.41612598937516193
-0.7815944299071655,1.2812861265044637,-0.9923093081123642
-0.4743423828209173,-0.6586818566049754,-0.050218684703003946
-0.6568866962147593,0.6645704549444132,0.15763932864612418
-0.030122948839979208,-0.5651575140423387,-0.1299652009619573
-0.25712892813524796,-0.9621782702422382,-2.0229813305437423
-0.1495130669908433,0.6233609019002571,-0.3763177275407906
0.6118854050970275,0.10649777220107108,-1.7014508555202519
1.57142179683369,0.38933087814222045,2.8197919695148546
-0.11864150615171294,-0.580503496721951,-1.0287806914106452
1.0795235512550758,1.7949779559267636,2.7139570631473386
-0.8265141796267044,0.6652880090477072,-3.3578736032938945
-0.2123235548044004,-0.37440242565203263,-2.2143708929589274
0.24179771175491305,0.7027489310104583,1.6394871502754778
0.09405733917294229,-1.2145143838936776,-0.5552338791959857
0.34326843750742636,-0.1377501269492269,1.2342053886922408
0.594959959916511,1.403357898680523,2.4289861543422893
0.33484016481239104,-0.18883931160434417,2.5602205698537635
-0.6133777819248323,0.9104903719955493,-1.575562222234214
0.12435548573917177,-0.2219220001899123,0.3071592894204971
-2.3169960823309252,-2.298026400306224,-2.403926283442984
0.6459625897507346,-0.8802125455660964,1.4916429859832925
0.7508679239742223,0.22273568903497049,3.187226518539945
0.3844458296720293,1.4465527109340062,2.258643182023129
1.5099123645468628,-0.5934021250008334,2.0392223303128136
-0.4654408209910174,0.275979011382551,-0.2999198276319165
0.9829052302924381,-0.9648192894795669,0.15017260612849692
0.39620324714345473,-1.0164562413337992,2.20890686256875
1.9564552194281735,-0.7773166434168223,3.9127557402684117
1.6797489913533918,1.3690620673335796,3.1455864303069623
1.043558026644189,0.940310089910901,1.9120264345129399
0.7608565872950063,0.5936651573176999,3.5642150117718776
0.8686246017475698,1.1154625534364764,2.397121122638694
0.7361832911874653,-0.4244249967335063,3.486558423489747
0.9911972319730804,0.7595769368931218,1.4298982413619175
1.2632634059019576,0.20962927787154928,3.6096728855858107
-0.4551216955860863,-1.0491009248128174,-2.3109931046283005
1.5207593990337778,-0.8310622222817433,2.4977192437055846
-0.010634851088482378,0.05005293191914577,1.3552289533150996
-1.244105083326408,0.2056300614965444,-1.7424185811510364
1.1787897692499836,-0.32135841866097803,2.6692955579525686
-1.7214606837222017,-0.996491243786537,-2.332815120271431
-0.5889418822583724,-2.090891940489157,-0.12393795483654002
-0.720819247517903,0.4252354794410991,-0.9868498324327843
1.218987507778236,-0.29527170913709677,2.4344353737083018
0.8299714300287355,0.5491608831812799,1.573793404167189
-1.1464741497386075,-1.5458918132501644,-2.658029925197197
0.690101903782907,-1.2533359353124425,0.6269515641649064
0.1845273475107195,-0.11133187467196781,-1.0599526165585498
0.2739561608310443,-1.412813535631703,-0.21412967611163075
0.31675132473433,-1.9829538507207112,-0.642481688675786
-0.2720562744904739,0.7835954078335663,-0.35318698828512557
0.5376460026114862,0.9008693397495332,0.6557270606305307
-2.835909344371772,-1.0299636420045029,-7.002485722772105
-0.43284001340611644,-0.2720572685665932,-1.3627065991923308
0.5061436041598728,-1.1339729051712544,1.0614132788384296
1.1137765500162438,0.3164269167529841,1.91100122378841
0.5856423401813078,-0.029678301001991567,-0.2618497274290186
-0.01398133784051736,-0.8694604509593664,0.4522595060389783
0.5163215087447199,-0.7742175438961854,-0.174151356520713
-1.246572702715012,-1.062081193428197,-5.085771480997053
-0.5435271219988242,0.436374262192543,-1.0873849262502826
-0.7412318601058812,0.5710088478141007,-1.549614389303188
0.46483523372634156,0.37647489441588616,1.0355719122396596
-0.19008630475394822,-0.8428896974159772,-3.7395239559045788
-0.1419338439122585,-1.7861696282352726,-1.6060668972196595
0.5501642730576638,0.530875663154472,-1.5540809846344756
1.1081582350968913,-0.17705894739431857,1.2075458610869971
1.7301612716314265,-0.039392349971496696,3.923498305850047
-0.99949626942462,1.0321279848733866,-0.5231407921177438
0.1667027033759213,-0.8935158344015999,0.3230910877704406
-0.2648882033775914,1.144015325685013,-0.9874006400209177
1.286820805097916,-0.4131914952129293,2.798199119131815
0.4854014043535031,-0.7131878217560127,0.9517835455787557
1.1298880694766793,-0.2057461438175674,2.491738571758125
-1.11928973697276,0.39001972884284614,-3.4484620073808143
0.020136134154769628,-0.20721564525572367,-0.8261841507817673
1.3426924690635285,-0.9005072205478586,2.1733305847400053
-0.9499220415568809,-0.2816242787907787,-1.5703876439701758
-1.7577690967435058,-2.5419311011379797,-3.402170481344429
-0.2959534425579931,-0.5085116818724448,-3.0779729212666247
-0.5314827362673654,0.4559662175390266,-0.5447570302776861
0.7824500530580512,-0.16925977453208688,1.0856332406788198
-0.2156333699125574,0.6883277222612258,-0.8079658139185438
-0.0628559442840641,0.48598243397446017,-0.4819959833447207
-1.1551714064223546,0.6456467463555882,-2.1706238735203987
0.5507624832026238,0.6560449450254823,1.143143548303354
0.15267184511467902,-1.7385807613742659,-0.18192062180416896
-1.282436382802762,0.004159680018443051,-1.095610760635492
1.9386047354777893,1.6300673346068264,4.23234776683282
-1.0728524007806572,-0.48048522704441915,-2.1051953494144557
0.5916043269089672,0.4528024424205636,0.6391460220502937
0.21667359813299836,0.14339373097993627,1.5154662099680385
-0.7073165654813787,0.5570122251880225,-2.0002687948998967
-0.6337983353324727,-0.27203011717051406,-1.376691086593927
0.754510069002704,-0.6482992965160024,0.6282460241938432
-0.044306558634555245,0.07196084436564501,0.8114438313203569
-0.1001082304090064,0.20781483070341325,0.12400953673034679
0.8730171443419216,-0.18533228968386467,3.9174716316596756
0.3901334911448215,0.031440665026446234,0.16956568476332012
-0.11281387356108956,0.4113519336907779,1.0301728861736459
-0.04229392426907669,-0.7761838904624628,-0.9361270264568939
-0.9900336723835943,1.1396776571980622,-2.4769207706378693
0.921128285426853,2.200760270746587,1.8200245832903539
2.6338366582903996,1.4772053287348412,4.8393490319668135
-0.35987609436024015,-0.45441785070756824,-1.4066120264617559
-1.105094354047082,-1.8228872690324471,-2.3467606902075273
1.3911184180990919,0.05419795710959516,1.7774185058989627
1.0985618158901602,0.8802732206040695,3.0061487362174186
1.651689794168283,0.7781066979356667,2.7310692985409095
0.22347898890773882,-1.2297467747117425,1.2185007915408224
0.07572615345232414,-1.1131485107434125,-0.4907096410171552
0.728979318495618,0.13374463487763716,1.276342975107552
-0.6680671319330945,0.626081345376854,0.5415123097775334
0.5310038003480927,0.8729316638554586,2.4448795616324563
0.6852294855116093,0.8163919789389571,2.432803247528309
1.5762088809145087,-0.9679754919664888,1.5703433579906567
0.4633505734554014,-1.3126050561999858,1.8748885319886481
1.032926836895411,-2.0125197779592847,2.2190437441699817
0.21016311475990343,0.5049326977278172,-0.668060890032476
-0.5928527164110793,0.8281115657694265,-2.177904975845669
-0.7134001072088424,0.33585068882504426,0.1588601525082476
-1.6067300200630645,-1.0591244460113127,-2.1541864712054277
-1.325924794407511,1.5677167499493458,-1.804733237806401
-0.48819778391743707,-0.3701466243633908,-0.7232943695406413
0.05286193599784045,1.7790383614956935,2.2471319498818754
1.5825968109192872,0.5514020050805752,1.810926506510343
-1.2691010810805372,1.1903106450855232,-2.1771558430996394
0.25813783277615143,0.3306022262944058,0.4579797005081635
-0.44736376634117764,-0.0646522280998777,-0.46644649819646816
0.35349500381726645,-1.0125480683732144,-0.04597053781378119
0.6053821210954945,-0.5585141901913594,1.587217275266867
-0.8539326082091594,-0.047107836276425286,-1.738068074039506
-0.08533799708808698,0.2820740679850429,-0.5160756932223854
-0.22591969794241043,-0.03321921233109642,1.2895788702816389
-1.1055688781534414,-0.17797198909341674,-3.9036933870062516
0.17280849148021665,0.18348551694206106,0.37593585147709346
-0.5219780359728562,-0.5243720425975158,-2.1529398204012833
-0.8104822009274331,-0.5359374563395098,-2.3040321093035927
-1.4542900954203752,-1.4557047016560245,-2.1988482134882665
0.31205779638900644,0.8462714702680065,2.4189973100956674
0.09291244052643721,0.046932368001524026,-1.0266489821594968
-0.6692274003253158,-0.08362423342734755,-0.7900427572725872
1.3776454118966488,-0.7409186147749167,0.3683932910274885
-1.235315910977457,-0.24777386390240674,-5.344404477958385
-0.5153505544738635,-1.086782855701297,-2.3194971213390616
-1.0420670474803433,-1.049297352352749,-2.2264686572717047
0.2803451791711111,-1.9189517717065951,-1.1380808824648616
1.4102729479258065,0.9816987726484356,2.916183581591799
-2.423415138156919,0.12596408214529747,-6.6075876264660085
-0.9152566459450487,-1.1167763755544307,-0.6882886893365243
-1.5542907193258024,1.1637866037459028,-4.606407386416764
2.0240684292631888,0.624591683369118,3.524808976990811
0.36198072957022337,0.7423822745846635,0.5014164318732199
0.3711095171015534,-0.22577056694281802,-0.2876001158411906
-0.11019456562955873,-0.4228720065856575,-0.7941366088800486
-1.586311902842334,-0.09805290200649289,-3.819652297310522
-1.463233687009779,0.40469065623758155,-3.1009652010463964
1.1213950417075766,0.7999146066411164,0.8320562329323395
0.8388758259062348,1.5894691499569285,2.697647351655234
-0.8825784030323354,-0.5090704041372714,-3.3409350568731875
-1.7333595918291538,-1.0155647481514813,-4.354762717957301
0.722661934022844,0.10085866561042912,2.4959539977913177
8.396635042272615e-4,3.022104185290387,0.5144686853126488
-0.42747700935366373,-0.4286158450837039,-1.0650714289084702
1.132024809882017,1.1456812177847597,2.4013978251084125
-0.9565391488058765,-0.2430982095850928,-2.1691503491916704
-1.4677664651655977,-0.4785432377638774,-1.651968387281215
1.7195403694111087,-0.7104171222075562,5.163092737579948
-0.5861331959504715,-0.21124462771760322,-2.3161397723808945
2.284878324086443,1.641784470875433,5.407763801100376
-0.3756437987853012,0.30184672056343925,-1.236986238454186
0.5733609479219146,0.4873291232152851,0.8230897528092498
0.7748044975515156,0.8387357924322612,1.3923370629290641
-0.5556477963344053,2.071741512886003,-1.7547784579722325
-0.5044530398978266,0.7756188420795307,-0.79965478126424006
1.4382706707153268,-1.4271113529519337,2.93892458981018
-0.33372948966515553,-1.0335113354661456,-0.458714500508721
0.5837123079286883,-1.5894551135918253,-0.2103024477943306
-2.4940772972562923,-2.8485467698937876,-5.1017539446625655
1.3203073888322714,1.290733927792606,1.4339915163103527
-0.45104978525679357,-0.493723874282408,-2.5389801567474306
-0.05750162472397427,0.394970677706016,0.9798487204822266
-0.18274467050044135,1.1816178531439139,0.6868444823419166
-0.22620452670232594,-0.5118326945804706,-1.3473527586078906
0.15126769820939914,-0.13496764866222088,-0.21257397569537972
-1.6281746704683124,0.3502561795244546,-3.300750631106883
-0.7338549064592873,0.2258792218176246,-2.586839776330424
0.21951783729990043,-0.7743152495881033,-0.37150167739384715
0.09731253688901777,0.7308156100065911,-0.05860621794228699
0.267960010444145,0.5456355282424655,-0.20454110267443848
-0.38544817808292736,-0.2884492959214907,-1.4094588642465955
0.8515304785938904,-1.2223809108590025,0.39062061328304765
0.19198096426762185,0.6333335955685858,0.1366339637319685
0.348922235599249,1.4275196559150003,0.3997389517860579
1.104267720714137,1.3805174933893556,3.583765475706492
2.5580213478242357,0.8726345667953378,7.094439798262581
0.39971131197468873,-0.4831350686522723,-0.0523777989236629
1.000216369713972,-0.5313469194905489,3.4475758429569687
-1.0020256576753073,-0.5876847565859007,-2.351941199598217
-0.0497613358367997,-0.4116978689875027,-1.82114414994435
-0.2804603586828086,0.7091856212533847,-0.9954863005787197
0.9716173495825078,0.25639675353565655,2.610877111795891
-0.41271191292478404,-1.8563605863048016,-1.7386835817419797
0.0838104032618795,-1.860587629814454,0.4964499750844652
2.6749246217572025,-0.022834093734352183,5.181543322298027
-0.612937581186255,0.14993874728103912,-3.186207017452692
-0.1389736476018495,-2.3074743420352926,-2.6543139120172965
-1.2738486787863494,-0.8164472258121069,-0.9274160699825038
-0.7225223596606749,0.0275611516966839,-0.4107974225817721
1.5454560679145557,1.461785915176476,3.798848384028954
-0.6870889872762427,-2.012868728322283,-2.8328194942161335
-0.02363966654957922,-1.255444277981978,0.18349947000133576
-1.0404260262822391,-1.0803068472182236,-4.029986677921642
-0.07746766886635069,0.17539607864885126,0.9202385460437739
-0.8885052742366772,0.3308392214142527,-1.2884986332041435
0.4972389174366258,-0.3206892313003926,0.30964428064446503
-1.3989714299055227,-1.6123286879499859,-3.6788363565606956
-0.508449741317666,-0.6305524168643191,-2.1394706184962184
-0.5994936529217755,-0.5604859866558851,-0.9240228068290223
0.0944268014682881,-0.20258128441701898,-0.7742005202213955
0.08392075287808293,1.6228851811316756,-0.7069619529876295
-1.4981644125289593,-0.676770530437996,-2.5764533239932446
0.30297847020179774,0.07626440513869114,0.5520310280357896
0.5512909987389133,-0.7053983416269112,1.2322303361630575
1.2984296506959407,-1.240227849043919,0.8343674371295107
-1.262020793935207,0.6359478978686004,-1.89581433613488
1.109888341473896,-1.050628679652747,2.609773452473602
-0.20352841614448447,2.7352091896221937,0.6253930133849929
-0.15903659551809624,0.09256293782721456,-1.5169186013470215
-1.1929888013437924,0.06025357607867636,-1.2271027294498147
1.5085951180654988,-0.06654521101086049,2.6096373177869228
0.6927361883504475,1.8436455400400584,3.04608351200934
0.15646489815959747,0.6639271104036057,2.1001615405378202
0.3615427502689184,-0.25099064374796853,0.8733468779677512
2.506273945849234,-1.1661898066108356,4.764787807107558
-0.9680923535126423,-1.0387277607174439,-0.7061710805574848
0.2123362962214433,-0.7849893053373103,-0.6404799263497046
0.4615644634206019,1.2149484309783092,2.077882419942859
0.11428764989898928,-0.1889815757709026,0.5492951380636095
0.8878746670827122,-0.7571986226798254,1.2515786896762129
0.44047215886514257,0.792059477880274,-0.510564736405065
0.3247646309617259,1.345180019022172,2.0833664923468107
0.10726400614178255,-0.6945314840713152,0.7604301619743901
-0.8472263195818873,-0.444932544042374,-2.0055935519516273
1.9786003261822858,0.3452841867237855,4.4896622009610425
1.8582986578399148,-0.004844436535966924,2.754478612762943
-0.6746152325400061,0.40636647148477717,-0.9314801114015556
-1.3740196880616145,1.7141985257714312,-2.6214748886139563
1.9335803585565732,-0.06038655412096439,3.8577780720740726
0.40813433466406884,-0.2807022675342426,0.6901779890422656
-1.260945086595416,0.48541446089445633,-3.2413018539285456
-0.8256678335321536,-0.04934452973996204,-1.3157878608449076
-0.8412078082722054,0.6277650615327857,-1.9524826652022607
0.06423945062196428,-0.2239711514202565,0.9180146244256221
-0.1422845599798571,0.4435227144011075,1.8257770655411838
0.9056727912325899,-1.563740707567892,1.1332407116021814
1.8658135970212353,0.013903658303391648,3.4127313119968887
0.7547165280370705,-0.5162159872836841,1.0481398123398717
-0.3783872277892351,-1.1905425755175285,-0.4033544420474311
0.9937483542861205,-0.41306920783702766,1.601061350094806
-0.6360139905567009,0.3719949454229079,-0.8652443013684956
-0.6219956117931692,0.09234296402046377,-2.225092509424825
0.2324662279109823,0.693483762521126,1.182164983480621
0.09676232160775727,0.9408992431535469,0.3720603449682501
-0.5267805349835484,0.8284640297278588,-1.7695232164557504
0.2738669948390707,-0.32448917647534786,-0.21714569845353698
-1.0233902584583934,-1.3281561980570555,-1.9142881694391711
1.0501379257904293,-0.2803349699123615,0.8639257850535973
-4.028363484768205e-4,1.1696554365108158,-0.7298041677512365
-0.3973729583494249,-0.121476364908072,-0.2917934350485262
-0.5550907103486735,-1.637291651045118,-2.03759695673823
1.5093368075253377,0.4913832228697763,1.304405276351016
0.6956206654103215,0.28181931069337074,2.3794529262240665
0.2440320598055885,-0.4006033551921848,-0.058418021539382026
1.0770872083266123,0.1733615028560026,1.2033248463589474
-0.6734486436131377,1.369387669545333,0.607119014994491
1.5364907644043866,1.2991960937568392,1.4669792089733809
-0.1281350879191022,-0.4562968935454588,-1.3604577471599246
-1.4403044169465298,0.010664861858055989,-2.234758736203494
-1.0243846205744542,-1.454089144934241,-4.748910898266678
-0.5839762999955901,-0.7277533259687436,-0.3820722458136723
2.1221099429451216,2.0082403974651797,4.717757908558117
-1.5480361795266522,1.4980096855109506,-2.978525021712943
-0.4156897780396975,-0.2292547252831336,-0.9601230171874781
-1.1726283761673757,-0.6924651453027735,-3.8642106793659314
-0.14039454581594818,-1.366623297168402,-1.3484236717307034
0.6560044466870625,2.126051853763695,0.7736518818909142
1.0899807816198075,0.11462972483847392,2.0980342756230477
0.8128648091296667,-0.5939489093671172,0.930695123775597
1.0360902617649728,1.0780673379512546,2.266973935557361
1.4657689729046828,-1.099585832858914,2.5180556072892775
-0.8637174864416475,0.7265641976064524,-2.389839652371624
-0.060272684797362086,1.4408703022385987,-2.3896849405545444
0.901546345118684,-0.2101701596216645,2.5066331529795214
-0.14767957921180225,1.4512809438833691,2.5455607812469188
-1.0567750806904277,0.6415514314092493,-1.4609651005083903
0.14636023540023,-0.6788076188799587,0.09922607807797869
0.9867355301937384,0.5743127363474614,3.707903001669983
-0.7280204847108869,-0.7045145262889286,-1.2545492818470776
-2.8524596201293195,-0.5339840572299358,-7.0539766493108935
-0.8646392586958174,0.7743846066176576,-0.7824132033065951
-1.3981614938394005,-0.47562139533880265,-2.3539332324183055
-0.6445389913557799,-0.024427378886850062,-2.5483673652966066
-0.08521372304203151,1.0190080962843677,-1.7442915662879939
0.6327478533668416,-1.2055803955985565,0.9159046554858137
-0.9444315030475938,1.595293867472034,-2.1183837401311676
0.0015773003400125774,2.041955459993003,0.9958377197710131
-0.5544723689534652,0.614481250043309,-0.8582920681100652
1.55565099284386,0.4219311741368237,4.977998040873041
-1.6405111962279888,-0.49642166769322843,-1.8003747802021999
-1.398439985562186,0.49096141282603495,-2.0947814748146425
0.8889616003060541,-0.5019821696035136,0.9605505769641645
0.12059830618829534,0.28816981825161647,-1.1109056881410293
-0.7884802554216298,-0.6866260082411283,-2.3150706919055057
-0.484846608105094,0.7884037860304992,-1.9513882721673468
-2.3774848621474205,0.6913688409636857,-3.70201660624912
0.6441288756710605,1.242999008051327,1.0033609017247804
0.45266996242081714,1.982209712429167,1.7652030422523945
0.9099847611642424,-0.6464418346191461,2.2400866507440234
-0.18623887085057228,0.96618929222735,0.9949975477075864
0.5808692732908598,-1.4272674470952094,1.7436537205617448
0.11521065752639767,-0.4574837586480238,-0.033438923781799884
1.0246900212626142,0.9454666846084645,2.4808530657057415
-2.017490892542865,-0.7383891503690581,-4.748979500677916
1.0954049422849277,0.3456406998779042,2.4003355170286236
0.5128543306499769,-0.9004446938952714,-0.8715551410938212
1.202446651478753,-0.3703507041150595,0.8369609149922626
-0.06800067469722693,-0.0407969264500623,0.34750857249678635
-1.2685323456862536,-0.6123187664060441,-2.66028452485577
-0.7257303123779255,-1.9458520898163671,-1.8431934864661672
0.827672233997814,0.2430963295275754,0.5693885529300731
1.024038510473254,0.47490009540452666,2.4767418382336563
1.3706722732773293,0.13671457406114243,5.159624544884178
-0.21298821888362873,-0.4887477256883101,0.7392677545634885
1.848659168475737,0.9002036572604379,3.4349485671946924
-0.4651526332658166,1.0775356600614177,-1.541737768527851
-3.391538269191911,-2.373670856049918,-6.004724085959993
0.5661859770777733,1.1245748375291145,1.6973056722439908
-0.5693415332677095,-1.7795477471535113,-2.2209413131107403
-1.4073976288878431,-0.3445503624354278,-4.591355958826444
-0.19486559373829396,-1.109173113759277,-1.1896051508982934
-1.4251285197102712,-0.6301057829230926,-4.10662732155722
-0.4403658225009274,1.3168837687242412,-2.0889333844237967
1.55961878990831,0.534513388284073,3.9347449798875815
-2.909953320660869,0.4938980857418806,-4.926278811439815
-0.3035596380298633,-2.0779924313448133,-0.708023810998864
-0.39795803518660916,0.19632534274156432,-0.5019535509851201
-0.43351598290570387,0.6288031538738975,-1.562332931833859
0.3888976986581091,0.8609471433936166,1.43987852926007
-0.7746743827100795,-0.9732473504752286,-1.0709212933526282
-0.25267175465703345,0.9375430520306581,-0.026322479050972042
-1.8059337463459608,-1.3952057782952672,-1.9024652403206868
2.120846820949848,1.7387430188763333,4.074321587965853
0.6657894548672569,-0.7986342902435353,1.7431553005755713
-1.0390739972085774,0.7650243867693471,-3.591052310381018
-0.21824769595011312,0.31791134513543545,2.351319035585073
0.340309336722395,-1.0636005176128858,-0.4487712906152836
-0.22010830701412676,1.1442586560685963,-1.371139227241121
0.05488031827515482,0.03337684262739164,-0.8178195704352514
0.36260326906998785,0.8184077748478461,1.2171248092120164
1.696021321276671,0.21819208582220576,2.4269411509531134
-0.5244426910473313,0.868497252409914,-1.3211213915433988
0.7734784310427689,0.02168052089807717,1.7938436769341612
-0.2588526554166834,1.115228649693014,-0.4268811818702525
-0.3821388693629423,-0.35218086491112627,-0.8112854758600199
0.10839496523386133,0.5272883182488008,-0.5534049922598459
0.42573431326491007,0.3785715222439428,0.43424140893933505
0.3601486082234685,0.8438597770983789,0.4861021436089331
-0.6677349313746821,-0.6210424949568667,0.1139666857224848
0.040597580500913985,0.17769149786786612,-0.2110013478678478
0.0790849980771329,-0.5801650791318489,-0.6639656282880708
0.690641181106151,0.9086378257334438,2.340050556704317
-1.532623308295582,-0.6366863794750829,-2.417903075362271
0.2987985294454387,1.7322386963767478,1.151752477335836
2.038704837705947,0.7903716020391159,5.273654936619745
-0.5723307538013854,-0.01370797885383979,-1.8623374837437916
0.4138601774559107,1.206196475205825,2.543651717204199
0.9703490049765343,-0.08459094013825177,1.097823563714285
-1.050941922382972,0.5632622816360335,-1.1640968825704066
-1.1607701518239486,0.5281944000151005,-2.872727640976621
1.2970990518507315,0.4230384324103253,4.032781162316625
0.44927400072071266,-0.5967642297091112,0.6994121131990152
-1.4801424271081425,-1.2508442776011965,-4.383702903328352
0.9732445258967382,-1.6816007097738301,1.0022632872749015
0.871065840817946,-0.456296359001271,1.882557534502692
1.9543662858376356,0.6827931922024668,4.139533581351583
-1.2813280198366719,-0.23903748350282003,-4.310046840454373
0.6807051210474928,-1.2033509334679413,2.304064404731851
0.7451048967030893,2.156477601950082,2.037645115711178
-1.702013819457307,0.7020094230486089,-4.934752045145546
-0.2614081666894047,1.9466181002656322,0.6992001885233605
1.102651646716771,1.2130363537212874,2.090961541241956
0.5837557086641594,-0.6113791183645118,1.6580435553221546
-1.598131902861381,-0.41192120324678594,-2.6718561824221427
-0.4195224688815787,-1.4406809782697114,-2.981260554070654
-1.641910204029182,0.7404734531096799,-2.462795224680875
1.3723959046410172,1.6236592522273363,2.69432889293513
0.21628480142332085,-0.9204848780725976,-0.2415788485783108
1.3864147146350625,-1.2021976468191764,2.425690021548647
0.0028041349257178494,0.8826780683644817,0.5092569525839412
0.04481086803272205,-1.5164790356007305,-0.4786403415859227
-0.11241530137024336,1.921611557768541,1.087881742781104
-0.810939235130838,0.572135777806248,-2.8232418493044746
0.4662319798950427,-1.7148950538385568,-0.1302593410956041
1.0297921483826293,0.35491889573242263,2.430862707364993
0.3622418450104972,0.10518186581099435,0.8046911270905648
-0.28386153239725914,-2.4684135331846724,0.13403410326535337
0.3043844310821747,-0.041858030323952536,0.6244954269397405
0.23296869617020138,-0.5872607678670372,1.4690099536902541
-0.07684730078959368,-0.8872969927572537,-2.0893551917349527
-1.247794341272894,0.2387168197506816,-2.4776231202204793
-1.7459429188521718,0.850890302293807,-3.163699726626393
-0.8000493997509072,1.727008833214051,-2.137195939817097
0.4567966620068743,-2.6325076460954118,1.702667493290246
-0.8966995152037023,0.7436113278099646,-2.1859755874125324
0.31440776375596974,-0.9523511113352918,0.8562207539070863
1.1451208087102234,1.1563301653805091,3.6455066073012388
0.2876392899105809,0.34586167415783803,2.559171602742523
0.757290124195065,1.4449571720604295,2.44699303160558
0.20566603281427737,-1.4827613057566575,-0.45412713901008667
1.7313689316632621,0.4946312976288396,1.097223008740893
0.086594677755871,0.29515933803463307,0.33458588381640514
0.005536886748349901,1.0478622459194256,-0.04788144600516875
-0.6924732371463966,-0.23116850863499916,-0.5973592916150716
1.281360945908581,1.144016845928739,4.415924098369503
-0.03080920323097451,-0.44496087547588065,-1.8175809832414307
0.9592088539987824,-0.429237403893111,1.9298731817487096
-1.3435862050718257,0.025379301455784306,-3.65384744002451
-0.7765566853247553,-1.069252172382295,-0.7725790812860769
-0.3878071165931659,-0.45657164083428764,-0.9071247003510209
0.8383482525156452,1.110003828482416,2.498494711221422
1.1495708980832315,1.6518287043057283,2.4567830115631466
0.11891409351822038,1.1142546796283557,2.005701172360272
0.09928277557750895,-0.424865175188582,-1.3190383499414247
-1.0617951419190266,0.3184798855396193,-0.9178070284054078
2.0623471736406453,0.09848964894474303,6.244626122561824
-0.6363287898345266,-1.2590274729357978,-0.8792950809410078
-0.0209576597665347,0.25740821114071505,-0.14527676688048985
-0.6004492524342836,-0.8242933276718085,-1.827543274870575
-1.3112927001959012,-1.0606242189471375,-3.10435455268105
1.0865747880126895,0.7255054613659083,2.4703838671536635
-2.0287638252711933,-0.7079318871063411,-3.89237620941161
-0.3620624073307377,-0.14404875050961502,0.8135108702342667
-0.16727386907307823,-0.9737155768814342,-0.2175477275090218
-1.4522086284242772,0.05594442585314008,-2.59129055776686
1.216212568108481,0.4923465531504887,3.0168019452987145
-0.3314162516562888,0.5025452546669092,0.7331602030095111
0.3370380587641325,-1.075257977229388,1.4914502892421466
-1.4402231128285896,1.2580422500265762,-3.0712493567616526
0.16930839237568907,1.4929717130443894,0.9025274024977313
0.1796083829186646,0.37291042641074923,0.1924713807195153
-1.3034469057831048,0.1574795478843466,-3.331599195642171
0.9426772334296821,0.07734290332108053,1.4537985848608364
0.34979152813159264,0.25754594593974656,0.8395478226334644
0.01831088207477287,0.3764235887226378,-1.610080466244498
0.2193508522543354,0.1368236189481688,0.5928929681718191
0.14223650310419308,0.6538231709147325,-1.2640408593976065
0.569555680463408,-0.33576854237753373,1.032669553732979
0.5209418109021638,1.1293449285021726,0.6614584525988985
1.5273064760534292,-0.037682811770623666,2.4191416489412227
-0.9432607672915598,-1.7556940165361625,-3.1790715673849426
0.8444010552522998,-0.09972036938340334,0.799410803968186
0.2750897756521823,0.447020452653874,1.639893412006631
2.5307967683260744,1.230031672833701,4.966837538219296
0.04568236464222611,0.060210432615107584,0.160879722204038
-0.45367789717127927,-1.940069201671002,-0.49862855698349273
-0.35115272463046415,0.004831765925361381,-0.5332892125966275
-2.446641565996698,-1.1992119219674737,-5.157009283992809
-2.266697222850326,-0.9761057036497488,-5.883294674879488
-0.44372479572023804,-1.0256270512349683,-0.4293897491986546
-0.14757541834688373,-0.7992269245125628,0.8385584043741494
-0.34912483587980714,1.1371290905566922,0.14701677695227267
0.3662229626874693,-0.8315288995438429,0.08037742097178818
1.2301071206576997,-0.43906277395296583,3.0356240293205126
1.7683882603041932,0.18417346140025279,1.046371135252559
-1.91243688090569,0.8903796255791901,-4.206597385349392
0.6098362981880745,-0.6667050100749846,1.098594512434176
0.6987794901939031,-0.8262238638699952,3.219882020318931
0.5373166608317966,-0.518615722213841,-0.23669621086942672
0.7763412728066439,-1.1717186992333766,0.47144545439640195
0.1286127578885141,0.9200333494698119,0.025724100762398727
-0.9425401463480094,-2.181958134098945,-3.037061124621678
0.8610202384803105,-0.5276920773549,1.7877146066922345
-1.1089591404036725,-1.441140022093875,-2.238573385787129
0.305790772362976,-1.9567847841897763,-0.49271121548963603
-0.7930884705697813,0.02865819707926181,-1.4787479062624003
-0.12570737117348607,1.5382356613227777,0.3242513767580836
-0.20902314622298657,1.6346403547998216,-0.9080784606157407
0.7139547243701723,-0.5627762083527648,-0.17700182805367515
-0.2689749992198709,-0.6969557085182437,-0.5227394259650222
0.37667384021116956,-0.5382263034715872,0.48352565324289687
2.5890769227313215,0.7101102317838511,5.265307112788502
-1.7626169903273463,-2.561696962980021,-2.690299725568542
1.4014997896234633,0.24770047442229023,3.8987307524145147
0.5020975336076999,-0.40554038100755374,1.3715836766064102
-0.2077659576242386,-0.7439384968511038,-2.0425353117421965
-1.7830569996734764,-2.0061200313201244,-5.12271402471626
2.783717161225604,-0.20582641778295271,6.962290059040882
-2.1532917471346846,-1.6490567724558673,-3.539333378585757
-0.7692839057200149,-0.015307873192336499,-3.0519856129540757
0.8574490690153376,-0.8949016775134193,2.2739622800729693
-1.5399733583067865,0.0463197241835662,-3.873933798235185
0.5785024563376813,0.4610040793837833,2.8216246206620283
-1.7176941077278887,-0.5037387671979442,-3.7369566083886667
0.14643162527561104,-1.0223984562160031,0.5050679709203232
1.9931895001824864,-0.6117422290303104,5.153687960265485
-0.0019053215566077752,-0.6673935032144935,0.9406078938417756
0.0332249232455164,-1.4932758290554702,-0.4653078002674474
0.49234696184615523,-0.7806182139061965,1.9264658575679756
-0.85391956935969,-0.19340513485715297,-2.4010161214452634
-1.0266683374920695,-0.22083330979939927,-1.8083521691826403
-0.43242242178004126,0.3295417398872918,-1.3087282644217504
0.744251812118426,1.2918757231235398,2.2798656199100917
-0.9721172837607062,0.3336710316638669,-3.1615096384547314
0.36698809645409725,1.4757869747420564,1.7750674996903686
0.6052134189028946,-0.6479259647203062,2.254062749140172
-0.1428703599616728,1.3506684100003283,1.3976087229749918
0.12121024563239254,0.5934089078176071,0.286279314436609
-0.18277367018805343,-1.191708885234032,1.636806224749939
-1.490458206972218,0.4021710124852243,-3.4256587400856753
-0.5371090991302125,-1.2376928405694774,-1.102432266018412
-0.9207545371497621,0.9472306756917119,-2.880388816199738
-0.41609864249865625,-0.5397461450275833,-0.6304893937455005
0.4353182115674852,-0.23611018703661898,1.0510992024838826
0.42310807522659954,-0.679536488943232,-0.8301308745347832
-1.145088815503018,-0.8521782923642968,-2.50703759517377
-0.6932105955969352,1.7021397091967818,-0.5565100010615589
2.074748959987582,0.9918045229027727,4.939488162748936
-1.7158953150516658,0.675213077027448,-3.0322695429889954
-1.0877818538516524,0.07361995900393714,-2.8821775340803653
-0.10394151363413234,0.7363338145518078,-1.3582853659844258
0.12579424503949999,0.6617127769159509,1.928075418204432
-0.14804308035512115,1.6035205983812866,-0.1330256389680482
-1.0983335727959984,0.8500397782124396,-0.7020140522678198
-0.15576979687800563,-0.20618900645751403,-2.366255456974812
-1.3487908058823392,-0.21489294325989586,-0.7410720393690773
-0.6383483649934261,-0.46807256433612726,-2.4951707262036065
0.3134286880152387,-0.363738560815834,0.24040730473258454
0.959184345179964,-0.23668393949552705,2.6488764623244947
1.4679591823043034,1.222880749598266,3.556064253630301
0.2115231602619987,-2.3283596326980898,-0.9958447582370823
-0.4859999393832055,-0.7018458284103414,-3.5409689258160544
-1.7958496545462634,-0.13288071936665666,-3.590955966419329
-1.9468418572031305,-1.2832584037532002,-5.162622565053321
1.1710125963924178,1.6191006101055323,-0.13796321399940803
-2.3565939081060594,-0.23394830101185804,-5.1924137805808765
0.4065950723367275,-1.1169181312135914,0.886170793376847
-0.24741695680312542,-0.8916137868106756,-1.3999146216829985
2.17585848807959,0.8723951625134401,4.5851874767100815
0.5500495443629142,1.8690093405040888,2.054517914876063
-2.180901313369535,-0.12426850381224111,-6.154489061432112
0.8564690734861738,0.10702880737631269,3.006930480199509
0.8098242112896669,-0.9485350600551035,1.259311168129768
-0.015240492447565313,1.316644710729183,3.1539556485463054
-0.078194646707724,0.7226569263459693,1.2942805493474536
-0.29483440295688995,-2.329253462857532,0.5509065161602766
0.06187254906741102,-0.6452325458175262,-0.3642895299681446
-0.08458487700919513,-0.23411749434152884,-0.8066487078435424
-0.2771940205126182,-1.1081606733805256,-0.4458626696904059
1.9011577896249683,-0.2732241756021567,3.919116663070362
0.7585738193626879,-1.1334411542641945,-0.25992100045999034
2.1553812329076916,0.3593079537305724,5.342331432497083
-0.3035890320144679,0.33564476386513686,0.08961164472835514
-0.16838399798558862,0.8109843531393803,0.28633199651048064
-0.18533124541946222,0.4164561359335706,-0.27716602905072313
1.1995179930403457,1.5941140388538622,2.179274357973326
1.667663338868153,-0.38613787728810084,2.2795697171401375
-0.2232983665804461,-2.15330336743643,-2.0545026399911963
-0.31024693601807385,0.025659213079887007,-2.967681966558689
0.5032072868928449,0.6498488450254969,3.120064377785838
-0.45619460004618,-0.4012355995128031,0.02906840125984944
0.22967095097567639,1.4008764776329117,-0.07372763730876453
-0.640941421769794,1.0947686786860686,-1.0796747347712703
0.3038274949376584,0.5374932989212156,0.4702884015684414
-0.3989667908597768,0.06977475777461062,-1.0379427683069304
-1.1817401592900374,-0.5515006331937851,-2.7567943478205734
-0.041453308770333666,-0.17694336778194275,0.5517525613155314
0.6220598945019675,0.4691778476699249,1.2236694593865656
0.1323158573703247,0.9677967882476898,0.8334879613125885
-0.34203622433408404,-0.29611465681433186,-0.03203474474159895
-0.4539889416296575,-0.7282532584236359,-0.6589238638110044
1.7308075001481202,2.4756058618661014,4.085610467017471
0.8806294026326325,0.5185571703497004,2.322878732740418
-0.29741891675322196,-0.9036032053374526,-3.2580833685821755
-0.6291809830205922,0.9309790563432511,-1.484394531411385
0.07043946162930859,0.06168649789785305,1.6468626820776135
-1.020359821792731,0.8267892485216333,-1.482985893294139
1.112683711241118,0.051796952560828884,3.683879558225043
0.35230738745130585,-0.058429051245209536,0.36094798485388546
1.5151102551416202,0.09061162071226052,2.0437635139770167
1.2151109835574643,0.41278079705254833,1.61297722626428
0.2761464805074507,-0.6100857315439305,0.41891698485381
-0.6616185321800806,-0.6553632302731397,-2.8381760837059398
-0.17290674943608514,-0.18477920613936066,0.7963976836513553
-1.139661937539529,0.17130143163708939,-1.9564923453448668
-0.29477474523885155,-0.3173764552693964,-1.0200471888060143
1.2583584503383978,0.3169845624579017,3.8662216125784656
-0.16262473071359976,-1.1017354126019978,-0.4147765362252557
-0.2677655229862136,-1.4309584528673769,-1.262361648938139
0.1333585249451814,1.892010632508083,-0.8914052739806987
1.4441155154860907,0.3978771130603111,1.623920995985112
0.407654521636029,-0.3970281333945787,0.17769011940403545
-0.9343351989312633,-0.2799578484903635,-2.3919586796131953
0.5240136613189843,0.7851185310435599,1.5225361700550284
1.0444938807776003,-0.21032081422935636,0.7626391188272248
-0.2028057947289921,0.19211496387668328,-2.0269972229992415
-0.039191629018699006,-0.2647256260984513,-0.8664468372126604
-0.49767447956827526,-0.5013910579367586,0.2750783636227123
1.4663749355681912,0.6021898135202556,2.4142194086149034
0.16119001233826163,0.14149455835014813,0.5475382372775237
3.0200555932527315,1.301812666970339,6.336490384331804
-2.314864855548588,-1.125396857674743,-5.656008947049984
-0.08651599933736293,-0.13530740604939487,-1.2307840363736382
0.8278194669895054,-0.208988948819788,0.8982718768613773
-0.5801905351152232,-1.074862333913673,-2.6283792614084778
2.366202297658021,0.9978587262582683,5.890581066716971
-0.04335253344699181,-0.1073997490741437,-0.13673942902966077
-1.4499581004066504,-1.3855579904314672,-3.170276166986767
-0.6173635192318708,-0.5921406273942201,-1.4877398836151834
-0.5576265420667753,-1.1053335606460948,-1.6814062762610045
0.41816081348478396,1.0390885126144176,1.3397595955364248
0.9242965952593936,2.542904456862107,2.693109826680374
1.286651162582778,-0.6737158191364112,1.9568179568652726
-0.7136954860025477,-0.09223000810179766,-0.25386429765872
-0.3784328897063625,0.27973503429065794,0.34797677494441615
0.8017922959968673,2.708959419006808,2.110233508649989
-1.8517540727570059,-2.3290034636757384,-4.380750381501103
0.05394505281463263,-0.513955735696316,-0.07914054273097691
-0.07852681134242384,-1.202794757227744,-0.05454594649617839
-1.2690968862925571,-0.2276248062369144,-1.5582233905247953
-1.3301773766109362,-0.2758992175860072,-3.8441631538040406
-0.2882336430558462,-0.7298088060249305,-1.1009223301517868
-0.12967033443976017,1.834155717523546,-1.1687000038831998
0.7983288096010498,0.25706533706497736,1.198236447998631
0.153750280813292,2.393585374187961,1.3221627319416325
0.16846398752482505,0.823616626218353,0.34822824639502215
0.06259728098052858,-1.2653121502560367,-1.2062122727765447
-0.9966517689812164,-0.7534912150681837,-2.227074694815024
1.0030087473237426,0.2730384191629524,1.5747268791820235
0.13199167457292235,-0.5778989410850426,-0.03597337357842392
2.361977182219148,0.35428968907761044,4.455866448316089
-0.09705589633164458,0.7325726419582185,-0.6328613034122872
-1.8449598328091892,0.4211222766510706,-2.3432627408456237
1.1315482221858104,-0.13461283417085013,0.13745624880046137
-0.1832566372368672,-0.6435389338625757,-0.5841706098243885
1.2186180855020072,-1.2893206891641646,2.4085777597085127
-0.8641256292690995,0.3408948985983139,-2.0550480248539365
2.915665204028722,0.9223356740928972,5.9715719084818195
1.3924280915331357,-0.07966940974517839,2.7946058923055452
0.023015538905216654,0.7536176527244803,0.360892606879348
1.7840440201988268,2.2275296835240006,4.219820292115798
0.5017048045802304,1.933821281957706,0.11509662581006919
1.8388489190356725,-0.4949054767761351,5.337612828284147
-0.4318101941108837,0.5467118413950659,-0.5398115033715529
-0.04061354542203305,-0.7022106377461339,-0.6414630526328164
-0.8250819820365605,0.68981342390161,-2.4444641788548918
-0.10816358094733003,-0.058363140076748636,0.6973068796284843
-0.8210384631680319,0.2775875780666461,-1.3663713635409818
1.4804934941334547,-0.859014614409201,3.19393853177933
0.0386997431428216,1.2053779158326423,0.7312804997392249
-0.6230000686308307,-0.08417996647686943,-0.2528218407921392
0.9911481155368742,-0.4459199579550632,2.318916081312071
-1.7543145108801288,-0.07662137261518677,-3.5556920949142294
1.0780033579662585,0.07639837999587511,2.1236234990152965
-0.22019156735782403,1.636864011693845,0.8282447797734571
-0.1421488770007005,-1.1107239883337499,-0.4152059323685004
-0.6001541890757596,2.458991203490981,-0.8980438900491776
0.38841526229362655,-0.7733123864630118,1.2394187783967108
1.0202563014378707,0.17464337496006488,1.7295947484052157
-0.2698939319395438,-2.0581413647492526,-2.5349151791349334
-0.8609428280369209,-0.6544605303297218,0.304742075387729
0.8114178457692739,0.7317733641287331,1.6335183718304873
-0.0781174277263369,0.5052330585790198,-0.34511317003914743
0.30643863540826816,0.4105722217525487,2.612203317270118
-0.5748423010992363,-0.46676530353268636,0.28761759817195465
1.8823406969454615,-1.843572466057829,1.3322838522519567
-2.0838357236147056,-1.0728246270594168,-4.736604706081373
0.5630722177884085,-0.2298287653240429,-1.2839337125954728
2.0981462810715312,0.6216371749907005,3.8060391501430257
-0.5943067608250985,0.8374454813896983,-1.1288714220267333
-1.7975503231129797,-0.30288804915390916,-3.8956338348166444
-1.2649176725800535,-0.15155253441238897,-3.87436361921292
0.06356835570590894,-0.16285152252374116,-0.3645010701661674
1.4344237670418647,0.0578455329557257,2.7078719037878556
1.140901733025136,1.537144885586153,1.7855989900805072
-0.05279002963008281,-0.7267125280903919,-0.5870671239879012
-1.0730487938028597,-0.204762719552353,-3.3709381626089643
-0.7291271707946022,0.07872629244299599,-4.2217652121046285
-0.33343059010195064,-1.3382658931850586,-1.2021161680601793
-0.20831748749101137,-0.9210292352029479,-0.8544618990183939
-0.09533245158848067,0.200261948609106,-1.7049386236905217
-1.7178868418659756,0.42706912773909483,-2.7874432493336143
0.5937176076149552,1.1400902093803147,2.5294583361902174
-0.3732691346785637,-0.46570595643850715,-0.664571645280182
-1.1478668265520378,1.453900621234354,-1.518825693361397
-1.9973566333103503,-0.8645562173195352,-4.372551759153201
-0.3143600669723267,-1.5962830795022642,-1.396011633951431
-1.4852544183346916,-1.9460134455519935,-3.0968307799685872
-1.4999311457488387,1.104050274940583,-3.234549843273652
-0.0055023828446277845,0.3048721113054558,0.9021889585186942
0.4532368875707185,-0.13042188994852588,0.5507612064525078
0.9409550406794279,-0.29361338701189404,2.454329599352946
-0.5168169218038533,1.5862554554067665,1.538135824634502
0.32559215621393794,1.2011455040592478,1.0152431071556631
0.828694870423933,-1.0037397111992499,0.6868639341953524
-1.906236381067699,-1.3910169828162255,-3.2608789100624778
1.4676787582280486,1.0852958809298645,2.7494423794446057
1.9913750519921998,0.5606118060173424,4.792779742469697
-0.8911672443644657,-0.5109809850897139,-2.4717293234594635
-0.01635040282653602,0.39645196557109724,0.09996049487015599
-4.452289500633445,-2.0232311039113617,-9.323013377424317
-2.18242744878559,-0.6651414729334463,-4.945859411433343
1.4323977685818705,0.43500720552609723,4.73557326897726
-2.932437781711884,-0.07291163902396187,-6.194791152649142
-0.28662611965142515,-1.2818876441153353,-0.960484802449541
-0.7733806467096056,1.01526613067697,-0.5628379861044149
0.11570513867510124,1.163059339202018,1.2893754359163871
-0.9006011777705885,-0.9400398384570009,-1.9498255159866087
-0.24668295518371644,-0.18546662912301864,-0.6896748937173819
0.07014884764500556,0.7306139394602488,1.3743829269229475
0.6937650542814493,0.8637248427186629,1.9960567029433913
-0.45353720848524115,-0.5287476146348647,-0.06723219988478102
0.8372580783242758,-0.8785398395680992,0.9486997690894008
-0.950611357791922,0.345075406845387,0.30810719752000226
-0.6246155970833671,-1.9160182180296734,-0.1845876423057493
-2.386684926681685,-0.9500775893483626,-5.982031500756556
0.7212898389365675,0.7735871270574419,1.3646508393025096
-0.3635347768485,-1.7037984055143032,-1.963733364346567
0.4335822511925144,-1.2007771267826401,1.7865713206432106
-1.4658030968569287,-0.24078506361436677,-2.6947513807091563
-0.6338384193533827,-0.30207350113721154,-1.1734095606384685
-1.7354103034489778,-1.754044757687282,-4.768512506375394
0.07379658888602615,0.5093788418909196,2.066224107056282
-1.12973074470687,-1.0214563370837635,-1.3965013994816389
-0.34877810925764174,-0.15805893740321839,-0.3257303382872625
1.0572996762199685,-0.19657220700095457,3.752842255182991
2.0536712139835798,0.6966287408311871,4.479670553797827
-1.9511024798746335,-0.06598145971361055,-4.3171002449991365
-1.397803479820656,-0.13434798554826038,-5.360400560529462
1.671708885678601,1.654740844002216,2.9113024195274617
0.18821178766451852,0.37189488202031357,-1.271258733923733
-0.8023614944210555,0.6235404626101028,-3.7618561800884316
0.8379161184516052,0.47489862683069717,-0.7975893206669007
-0.9921414571852438,0.5716346266452416,-2.3818441618650974
0.2560773601980163,1.3357364670379939,1.2616514466714333
0.3522473095143446,-0.057104160966593334,-0.20065530165448608
0.8640419527416597,0.2428439464224319,2.021328034645637
1.2680955382330148,1.96963413281427,2.011625218857524
0.3881747098324978,-0.5300383134294792,1.888400050622907
0.7967984472198049,1.291008979536237,0.7275953434657454
0.789196931979272,-0.6070781960723213,2.4913132778740272
0.16152079483913295,1.7101396753202305,0.6139795508514498
-1.2910649720037688,-0.6662473797606543,-4.081406546279634
0.16775024158295643,-0.8143722767152555,0.5895716475981583
0.6842787507425325,1.0364026244495272,3.099239257547498
1.2790251110311475,0.9649315326129111,2.623220410549849
-0.8377499401006361,0.5517108374600805,-0.9332605752226634
0.4333507779161544,0.2731885293402829,0.9482110809810185
-0.3760869087225727,0.24185980334189944,-0.4547583420934279
1.2713973501086322,2.054760706046506,2.8597325428611944
0.7100395225320897,-1.432534495218087,0.5110139827115996
0.5502930767171929,-0.9863363170532691,-0.06604214076082038
-1.4052468776503466,-1.2791401229060926,-3.13930741248031
-0.5818146272167233,0.9607554903763437,-1.789903643721983
-0.6856598850757107,-0.24564193533386736,-0.9727038941160231
0.40096598706164244,-0.1300084558967963,0.6883265348424852
-0.17697350550408297,1.7833068183391347,-1.9944633412770356
0.036580311313813285,-0.5790264527845363,-3.094590975589114
1.7168240364986085,2.0227946012432843,2.237393148810993
0.12050157412871282,-1.409440813643634,-1.3957992930274707
1.6436424444163802,1.3178356130484905,3.1236008402729563
0.1852050564364151,0.32312100257482745,0.8473534749745959
0.1472827148491732,-0.3886005199916252,-1.1149169641628567
-1.0349011119482776,-0.17283690338707378,-4.186512431689504
1.0325994225119621,1.3389746677789172,2.7668789680126125
-1.2256376628207377,1.7038058723768865,-1.7488036246895025
-1.8589979153665093,-1.6784678210513433,-4.992042584445955
1.3903438443473868,3.421094608357052,4.034972585030039
-0.14656587240436847,2.577942654377772,0.1326945016398446
0.21476350472086828,-0.5253218346556198,1.8909980231933174
-1.3158900739463364,-0.0643819052069338,-2.837509333818159
-0.17247634486155847,-0.6635473555366723,-1.6609140826156494
-1.7195347144629978,-0.0930010885901879,-2.6204913658436766
0.6960713563790137,0.7398594382458353,2.4927046338381658
-1.7281567821774968,0.10336281493056218,-2.544785372610534
0.32440797324291926,0.19200699820433537,1.4856886491552772
0.4540598971799787,1.478807602696391,-0.031103655357955784
0.2712291166159613,-2.20386847858085,0.2373556426572535
2.224631796327609,-0.4914430474018208,3.094870417778175
-1.7499766741269651,0.14441727126288922,-3.457558089181666
-0.5964166541306135,-0.7831006373176839,-1.410636572342899
-0.34312017361828,1.0609662402870392,-0.3780534758621971
-0.8147814725398412,-0.4455056421220266,-2.5095144144379686
-1.4181237168122633,-0.42918015377276536,-3.642788541774831
0.8410706332882638,1.189011800529852,1.3085738237165028
0.47373149896886174,0.8342940730615042,2.3987918004900317
0.4659081519381545,-0.15030747786407894,-0.5233458796336347
1.7096656385792073,-0.32775713278646235,1.5997391675756645
-2.1370645473864154,-1.448165290183992,-4.043133765068584
0.07826338348515915,-0.6972845845516215,-0.48346532614320714
0.5104329146304603,2.598490232129876,1.4713741800735454
-0.3907492254517311,-0.03741501363404933,0.7705865106984424
-0.4203339765686066,0.9134918904433199,-3.1624939206582656
-0.2489006732689331,-0.18452649826472853,-1.495628980678481
1.1198412806633269,0.6098242961614462,2.3710083344942054
-0.8378891423157402,-0.0527268089879745,-1.0526417812313849
0.09893000552945885,1.363921955681457,1.6361789372036712
0.2700702962531947,-0.5036334171343835,1.7700329465694806
-0.060061643235450435,-1.709060168681699,-0.3792013385171736
2.0179464699975704,0.8985496831276993,4.870331769622747
-0.3713817434882891,-0.23773402649431685,-0.2462425051984306
0.2624895566317418,1.4634075805302524,2.2470296291868594
-1.7447102927894362,0.12437826647930716,-3.3043543070966734
1.7481377279408388,1.453740843833106,4.4569368762395065
0.8359084311590506,0.35022695950742405,1.7964984004648754
0.88762609524892,-0.34902547965977204,2.2559489512175332
-0.7818204716790746,0.7255986078198287,-0.3609243938766662
1.3859363620921643,-0.45923842962146966,2.6304088583518612
-0.18808140744776325,1.6847592312539355,-0.4521124222190587
1.5522386158104051,0.1465840168035088,2.0653101410092924
-0.6480388619086775,-2.029857092929592,-3.1634875125971225
0.4362555500965236,-0.4721700801060289,-0.3933669888481045
-0.341766725116708,-1.6323719267870378,-1.1984944519318708
-1.495980844827875,-2.178355306094603,-4.907973188417376
-0.1430409892069617,0.05920865108760867,-3.1348785161975536
-0.3354666012524709,0.6478606366976364,1.167023935589643
-1.2492110309748226,-0.7614268886653134,-1.6442226925529875
-0.5406188223157474,-1.328842326123941,-1.4726374941805622
-1.0677821158803311,-0.6020307472283671,-1.9905931764598936
-0.48394702815731766,-1.550525272350483,-1.351042067179527
0.39463071802102556,0.7030017951500703,1.3007178953820908
0.8900198072718991,0.5745030051083074,1.748340964628885
-1.328576684556333,-1.5952915095662132,-2.434030248057278
0.4868692833550685,-0.6240688615707056,1.455902984520753
0.31881913075122537,1.0472160550896106,2.9692125648961074
-0.4105695463351497,-0.16805923532807449,-0.13499808613415754
1.1206966640702847,0.009515892464883585,4.59120612070341
0.3723956782507838,0.4172402239780027,1.7134635151927693
-0.6005002877089283,0.6268341966807692,0.7047580783792784
-0.9060062866646792,1.206243138708588,-0.9793700483654233
0.5731377180756934,0.7725653686136237,1.4824825526115502
-1.171282320536565,-1.37756706406485,-2.352215016818465
1.6993420343943781,-0.3624269253151832,4.785199853278841
0.6354822662079777,0.30229849579678075,1.91294444722369
-2.769398422871409,-0.10907987611813214,-4.735888369164109
-1.6762992627098707,-2.1791652812039275,-6.079048759366115
-1.4732190991659921,-0.7581147249943846,-3.4666008839911453
-0.7122765698277864,1.0145511513230838,-0.743352238594855
-1.6006253265240729,0.15804716206518515,-3.4584974401469957
0.07935865420294014,-1.4725604376147208,0.01893086826763235
0.441725391829498,0.21592620622953682,1.9860660501195888
0.37769176885772676,-0.15870747320784717,1.4774012665580072
1.3249782045367389,0.6718538734011147,2.8964466661137744
0.5966156048717793,2.106558601750968,2.6134003232531255
0.9837363836931244,-1.515900131062857,1.5786024049126306
-1.2794806617416459,-0.505063521990801,-1.28306645206788
-0.7270364121951667,-0.13876294034240214,-2.607445924003465
-1.4187880233451926,-2.136205000383768,-1.3394143667991485
-0.38726061595296896,-0.031219995960159005,-2.3321316537657917
-1.0818683340123916,-0.5931690379124313,-2.9869980183622844
1.3138285823622917,2.2356027685796405,3.7583796694198557
-1.0035016403059391,-2.9179762138833563,-0.8569639910966536
1.5574132898080413,1.4882211682074835,3.292746678967149
-1.223633225973376,1.0080246676911238,-1.590446298428606
-1.3108633794789117,0.7350916296202976,-3.0003492042445363
-0.6351232657740807,0.14681199272480494,-0.02456080838495489
-1.0866132271999325,-0.7108002952042018,-3.7968101928644993
-1.1892948056735049,1.105631400781617,-1.4992027285145777
0.12675696751003773,-0.8857470650355952,1.4207000220166348
0.8783076268612057,0.6947618178618757,2.9844186888014708
1.4392068002360168,0.4026391853146372,3.957131567110656
0.8348941672915016,1.0762381964351682,2.222588118618285
0.25242703956821244,-0.596546431488492,-0.6181524709118005
1.1298589467804179,-0.5809876279770253,3.4566256978856673
-0.298512921458704,0.30207656381221143,-1.2817320578663978
0.21934682070310255,0.30568515551433734,1.399237174869147
0.7015479520916899,1.3739983540022531,1.0750473890535894
2.5183624603900654,0.4853994283860683,5.063460018336041
0.4735183662491344,0.14484003934764825,0.3037292159950241
-0.5327017249131851,0.8426198439154473,-2.5391159973114448
0.30404563885403857,-0.5436078157627625,0.7091743161020507
-0.8181314011779679,1.0929718962790955,-0.26680289032196747
-1.4218896170499802,-1.022541603861589,-2.7336762804271704
1.312111899808316,0.33814737137287293,3.074849836787579
-1.684927671552592,-1.7068457636127292,-4.572758330632056
-1.492632021980027,0.2464492582066724,-1.2268263005142435
-0.9406193333153644,-1.5679631311420332,-3.1472639388876775
-0.7021317781504383,-0.23148494496533276,-0.25321957737595424
-0.213986269816752,-1.7574554500664599,0.683715031195504
-0.4317237258374629,-0.6396198298987479,-0.06872850263143815
2.413601139025336,-0.7761669099342857,3.000517131884032
1.499833981761814,0.5547746529879682,3.1225528139436762
-2.1695650522193515,-0.5821221300857052,-4.55779095204855
0.08878886790950005,-0.7685951018725488,1.267129438364173
-0.04486309868198912,1.2215156878147562,-0.37187146621294226
1.276266032079357,1.669170409672072,3.3875031694274518
-0.688107739401477,1.0934803842102483,-1.071439266342653
-0.9673560026021508,-1.4912425051414508,-2.3898358035908496
0.45358423844191054,1.2766530825952571,1.5179669848687352
0.041082361016921476,-1.2285375707397037,-0.16445174964443246
-1.6764020328072817,-0.07195102198180678,-2.52943650659553
-0.17228656672100862,0.734458203312735,-0.6353764485303115
-2.104299761762084,-0.21388708039002527,-2.3077194917272923
0.49554761352891014,-0.15039280361781546,2.174290132417658
-0.6277064608160009,0.12538242623055249,-1.2075458194156208
1.508877461759138,0.4278580221065229,2.161459739279723
1.3052634798042668,0.4113506790732572,2.7065654295909267
-1.2996186952961861,-1.726361253866636,-3.080413046581338
0.2994836411534659,-0.1756482340598944,1.039489799715187
1.256274325254972,0.2868385232049746,2.5403022632784644
0.6398016893137924,0.590740011639347,0.19223336803024593
-1.2054857219408892,-0.31736028416262996,-0.8685535486372811
-2.185317428557726,-0.7026516404341722,-5.237873504904286
-0.16507452496461114,-1.3675878015959808,-1.68474145122395
-0.9375661365718088,-0.7288072489198324,-4.067280236157817
1.3363864395218676,-0.12152492564292167,1.1923306585334499
-1.0111802252221067,-0.6352060488731921,-3.3715663667288367
0.828868456122327,0.5947026881205781,1.6990273396063857
1.0465677257963073,0.36750123089775943,3.6583507668196145
0.31351533210515947,-1.608738434686273,-0.034580785129378316
-1.5928679307386537,0.3173318447983288,-2.759944591901868
-1.310529985258044,0.5417046582179432,-2.5197778983812444
-0.5711974421086966,-0.26132698991451325,0.6237803563021014
1.034278774641072,-0.026495761966364238,2.213440735666043
1.1126687509806015,-0.43223830695373366,2.63912334526973
1.7698410475663433,-0.2933867427866119,3.5946410104938304
-1.2314539574986374,-1.0070401253673127,-3.7913225340793413
-0.5256446568801737,0.4252075996399008,-0.8105447744699482
-0.3918566602354338,-1.2248165923354877,-1.5886109904572376
1.0696549572791365,-0.5904646553271168,3.318219798924224
-2.1878708413549104,-0.9136380691384904,-5.4049319918702174
-1.4841067793072273,-0.8709177143566686,-3.1239101721862577
1.6385077138451158,-0.36855563979357253,3.854175052657698
0.6383969725953575,-0.48525251609275893,1.4518573008148956
-2.345570211336662,-0.6999618791820346,-5.427710232342363
0.9970817450726661,-0.2534338967826245,1.5400292765439605
-0.08956794636153276,-1.5848976080791792,0.5107400398511269
-0.6656718294555948,0.11103836752132455,-1.7674220290941254
0.1838659827662707,0.631846158956852,1.0213121887279804
0.25097604945961743,-1.2830986920339063,1.1011287074424987
-0.07136661562907504,-1.4131006215930055,-0.21938111607232014
1.4652686842726013,2.2319971101104605,1.9741520708921183
1.608804345995596,0.23950724081271724,4.1108680267385775
0.40607042496064516,0.05319292690480231,2.451735457480883
-1.540186555194518,-0.19850745557701843,-2.770807222757255
0.20937382141148841,0.49264776112074365,0.813813907643162
-2.3645777134753763,0.037241061093232025,-4.17489525133508
-0.40644070887418215,-0.5459119523567321,-2.1800670242658167
-0.9288083768015643,-0.43247606702204167,-2.1636399456047126
-1.0288317851721214,-0.34448470633355194,-2.639759161748071
-0.7111676933053126,-0.3196693957724208,0.34161657578546545
3.622258043750796,-0.7516988735969723,8.425671094920403
-0.6774682579518863,1.0741015234409215,-0.1793569017235227
-0.8835398884694118,0.09382215565948854,-2.2300777661870708
-0.6130001450110507,-0.7730668294882448,-0.909539919222784
-0.20662284610525708,0.5912487349484183,-1.8507687650990823
3.502962646870033,0.3502284786781314,8.080190427870113
-0.06734504372443545,-0.1375795811829069,0.39597057584212914
-0.029575064329700723,0.4008818670400707,0.5588861965753079
-0.7402633999601995,-0.9063789952844368,-1.908124128750019
1.066144550510868,-0.19884025256206747,3.044344415212733
-0.5117659983510722,-0.9991547043272249,0.35373735092095115
0.11487575672985029,-1.1838104344235967,-1.7780825847496948
0.009453870105581227,-0.33139865018168896,0.17740931498577084
-1.5110177806357583,0.16802480124848446,-2.393469662663345
-1.0851649462935695,-0.9130055306835122,-3.5398798570710084
-0.0513685389583473,-0.17505812828445963,0.8478841464397815
0.6539745849850715,-1.830446120886237,2.362535691262285
0.17767188152667937,-0.4467372519347262,1.7192486346010285
0.4817986096745465,1.1706672747260944,1.704141798383711
-1.1505882334291375,-1.1514158976797257,-0.9301890160762856
0.5682080483023565,-1.1929320200466942,1.1826531249064218
0.8810585555760876,-0.21986145850709016,1.4337018689434733
-0.16139674909148913,0.5346707329831258,-0.38925642210365297
1.1432560201588235,1.236109165520294,3.4019025376931267
0.5545117160218681,2.6537407286038186,2.9682607823084783
0.45303894681156787,0.8008932380747512,0.09337814243214138
1.0270308226041864,0.6714535265536631,2.688396133675663
1.1714267116503496,2.0279241170659414,2.4723883815893597
-0.8426449831473541,-0.30092430386946417,-1.4793596462533982
0.31419511114999904,-0.21334940551067166,-0.3590143997401113
-0.44914344190818184,0.2532701496124492,-1.5896743635031207
-0.6165777313403688,-1.4200880448405284,-1.6091223358735165
-1.4527496924742258,-1.8354366554279868,-4.930800996172114
0.5179766295413516,1.8067893740382686,0.938926783047257
0.6998979442423653,-0.574995742510381,-2.0172158653722922
-0.4498259699003504,-0.45788085679305074,-1.135956257292725
0.4228307189342238,-0.992955765989436,2.402703282876276
-0.05960702195959228,0.1440725966659948,-1.095063940921069
0.7363641862392896,0.5911405224356887,1.7879206511824761
-1.6227817500187667,-0.228611237873408,-4.119362576956947
0.7143340376502372,0.014704693547373257,1.9092729762527667
-0.36617787797291834,0.9513929149287351,-0.007106904254575774
-0.44131147837649964,-0.010768077013792784,-0.49536571284632525
0.0909010992238406,-0.5613434721770046,0.2274556512259482
0.47335411273342215,-0.06061008144650883,1.8654649093588214
-0.7479295278506889,-0.8423263460479967,-3.3137533904488246
-1.0013089335333871,0.1018880836395305,-2.2304973279563542
-0.9632039831182097,-0.8979257841483491,-2.2894498802958196
-0.8485764950530438,1.393925445276674,-2.7396807929816256
0.37724457200455097,-2.4865239043809626,0.25563922197232314
0.5012582312514631,0.4012941358106785,1.5915516664693645
-0.15859834334756956,-0.4880272229609089,-0.7595414091269942
-0.43946855682477237,1.9871488081498003,-0.7041140248276578
0.7893477103783173,-0.23446343068730943,3.2175192186299526
0.33454385594193103,0.48183736039939196,1.8363544979160435
-1.6098073985141237,0.38689396920433905,-4.811050606169865
-0.313363967216031,0.24767240933677728,-0.8658004723071677
-0.1633652857174587,0.5181198353506543,-0.43964713746695416
0.2749215279126186,1.9974137338840903,1.372199255271276
0.30830583216040675,0.9275088236806719,0.8848145825933366
0.4512488637303271,0.19642414887757992,1.284208690480634
1.732711285216355,1.7902662189874372,3.9655953932740093
0.06138260821070472,0.5831977491899595,1.2022088682099854
-0.43495877598984867,0.6503335991016561,0.4365703206067929
-0.8139900882366927,1.2450301486185027,-3.475979298555064
0.3839792512501841,0.16110662601996809,2.4095698230075815
-0.20988716552717496,0.7254906914576387,-0.9859273487264801
0.5291547031094241,-0.2744802181322683,-1.2451293328066668
-0.832950727830938,0.12483606539614622,-0.3340271291213417
-0.2831580106300494,0.03964262732745894,-0.6632727323667991
-1.4497648177159677,-0.6397330375322895,-1.6997504468463591
1.164930166794621,2.0346532189298556,2.5844312984595126
-0.37208078947007006,-0.5588975993888363,0.09882019460872538
2.688489099960215,-0.35577941067202135,3.515041110915005
-0.04030789202913354,1.3244173903574459,0.8737101329409835
-0.8189384291056782,-0.020622229228978106,-2.835240904501368
2.3134669317295447,1.1681264271892369,5.933992982901656
1.746254649272132,-0.6073571209148109,3.1367456538536658
1.530327978188293,-0.012841659305438746,3.6320662794451684
0.24466293560352398,-0.25093687842642065,0.5028892483605851
0.4450334641920457,-0.9691136404066625,-0.6584878365426361
0.8358789730953168,-0.30331195336700945,1.7684463029021433
0.9306625319037664,-0.6552671396651842,1.8471165538680305
-0.40823542260928736,0.8574473249470493,-1.5998172558955381
-0.8782319641115727,-0.290983583023627,-2.2509399255102016
1.0628324607354995,-0.08278120444429886,2.178836435552539
-1.421657191474295,-0.8278446928048022,-0.2905641141088622
0.45345308960590597,0.2151990056109295,0.8114213305701611
-1.21809679457667,-1.6119363569036296,-4.57597071657239
1.162762134549665,-2.949871784283228,1.5048125153327425
1.538644323049088,1.8801063432658334,3.405899390838033
0.7548581434130562,0.7572616974226988,1.2534471833049867
0.3866167724217071,0.6347286340604444,1.680164568154309
-1.4803887872361825,-2.2365082658029936,-3.2841639474458852
-0.27504482115440404,0.6771291170271893,-0.11329220863465103
0.25421621210615963,0.519814270578053,1.4099381843529573
0.19946703960884024,-0.07765504139994912,-0.14653403742849563
0.5738997152803945,0.8250387626537471,1.6331901833405533
-2.2650979169830077,1.1205690307061964,-2.445055677784171
0.31719459779655984,-0.1221635991869465,1.064684196932855
1.1691487125843207,1.9453370776588275,0.8896972574809578
1.398971501426551,0.9883626994998055,3.8598308267241537
1.9317441348803581,1.2243853812857863,2.3039687437412364
0.782546103036845,-0.3151176148326371,-0.39043919827728635
0.9752870669701388,-0.13112285566150061,1.4288303751711604
-0.698882546254928,-0.9225854224539012,-0.5212560473256707
-0.42449773758624765,0.4073690854803554,-0.8866928978473267
-0.7857910609582217,0.2640114343805071,-1.3934277051422406
1.6612716711605564,0.09128355394166468,2.714393053579144
-2.2498745986091926,-0.680687428865753,-5.46982347213032
0.1871415965895057,-0.23196949513098403,1.6265811587852017
0.6355154036026526,1.9851117827645879,1.2104139392641693
0.16513720069634796,-0.9291593571052253,-0.16970319422094554
0.71896932131092,-0.40609023262619603,0.053666657013436314
-1.782252149337793,-1.4034325538124592,-3.9033766277318143
0.42689151930861957,-1.240729067575932,0.33117485046748774
0.31586135895933243,-0.28676520143518575,1.5683926194613247
-0.18193727854826008,-0.39128730178707705,-1.757283532714728
-0.6370055461930773,-0.6169015642325727,-2.231941704199992
0.15949842131099085,-0.7738443095328822,1.0885379395895134
-0.8132160623790785,-0.19662692321897116,-2.681587299780934
0.740055648841489,1.1340205431204347,2.2107206940649893
-0.09860364018640569,-0.357801185526678,0.7329958508366732
-2.04124841574547,-1.2832038636231045,-3.675147390000843
1.4128522880903929,-1.0690518045006863,0.34977931561044695
1.4900305385544166,-2.0043476490711316,3.742846630203088
0.5507851655750027,-1.7105163222180741,-0.7879113168646912
-0.6376478980425275,-0.7474201827629657,-0.41516944850607373
-0.8819695747986533,-0.9764154612343763,-1.0677625364188543
0.745058930402918,-1.1490261106011166,-0.4877989311031161
1.5372045551854239,1.989243653807418,3.335699317809202
1.6220366966912139,1.7511310826985007,4.554020538771385
0.5018610821405327,2.564409300612955,0.18315461252456178
1.3834739189586234,0.7764959015413377,2.7534907040012255
1.7357735364587292,-0.16124854483926315,2.3275748494617843
-0.1461481467387073,-1.043260694450618,1.2513171881339837
-0.14457738686606578,-1.1007662621362087,-0.0409499805049488
-0.1136138160193493,-0.49687394747077945,1.112517048911007
-0.7946504242455927,1.2805209265964543,-1.8909280846468448
-0.9583493378526792,0.666470562339114,0.809860763346137
-0.31728894526180035,0.889500197272317,-1.1255652170471775
0.40703558246185767,-0.18712142773661075,1.611913253146409
-0.20329983469103463,-1.5536363429259088,-1.4241486367046898
1.3163159978526848,0.3264026717795808,1.0803126486494994
-0.9552184848015114,-0.21461197206449673,-0.5598276806174056
-0.20044730477344558,-0.30395830714933225,-0.8213415475689705
0.1817449082374627,2.184173228392278,0.2508669166785835
0.4604098372683621,0.8696912832185535,1.0901359707850407
0.558863700447386,-0.2284062036873213,0.4244171663180144
1.1209286188613348,-1.9034464195233192,2.201043323446223
1.577445868908991,-0.2866414707237561,4.725388416231521
2.150081574187447,0.9903889201001861,3.3520697040652565
0.7344414237332293,0.3728209927142495,-0.035951448878049685
1.884999741694082,0.27210736801551677,4.01560538202481
-0.7923408672598595,1.045093639128089,-0.8161672943736848
0.09747956319545048,-0.1690099872148245,-0.24901393002771172
1.3460133824580673,-0.3458020252167592,1.7663833981380312
-0.3700525067497661,-0.2539661336689666,-0.44490917343461267
0.6963911982837236,0.7345129274607028,2.39417690114789
0.6816155684451795,-0.2693481309643229,0.595330844807479
0.01675531494869692,0.7603011424390617,-0.7694785150091418
0.8834658856440065,-1.2281836193586013,1.9922628246855139
0.1623752038331125,-1.2710650213820214,-0.7384080684591872
-0.7514590150749655,0.12738360830644305,-1.289138551383529
1.4066769123420328,0.760383157988027,3.4419598830534603
-1.3550099309440737,-0.40765291602220466,-2.3388565087452715
0.769585591943513,-0.5774213449180433,0.9071364040689501
-1.6539833957191872,-2.8393761669088944,-4.27053230453643
0.7213717733526945,0.37432087422096266,0.9632530921116829
0.17119751965014063,-0.9028549787428153,-1.3537401659493875
1.2958225623482824,0.40257490618306696,2.1474662686251973
0.8456011738141977,1.4272117229533987,3.0455454884881807
0.6997849724206092,-0.4959190459273289,1.4950391150325633
-0.5032036934280857,0.696725381553881,-1.065515529994168
-0.13725205640584903,-0.1525457732976343,-0.41285133665340795
1.1684485094181631,0.3686046357116578,3.7523021190191237
-1.187484259392741,-1.1557993852795632,-1.0601429769360382
-0.894751978384544,0.41782359492810583,-1.4774175074782558
0.23026637132320663,1.3049615444489677,0.584121505617678
0.41739390713692176,1.7967118556211061,2.852243053766202
-0.35393543180584813,-1.187380654857084,-1.5506109783773376
2.4780233248868777,0.5336850083572168,5.258330987472219
-1.6558153671354794,-0.5080241707657533,-4.15007754427935
-0.7611408859036677,0.522720628103725,-2.376642229864225
-0.8769479853089654,-0.17846386245643206,-2.927709558007038
1.3722271234360779,-0.2480332656015074,3.3643043972795765
1.4548072415732909,0.6820994967397184,3.6040377117813645
-0.7096011641134835,0.7462015267358434,-2.0300673558851186
-0.9843737788174824,0.27907703778606685,-2.579819838510491
-0.19166040798677833,0.46404938204627966,0.33247963270386527
-1.8804859017758513,0.37846041253328855,-3.944084007900782
0.5760844992213393,0.2783740015529941,0.9312120548619081
-0.05029400260451582,0.09123016010695416,0.5801737330210968
-1.4422149033689664,0.9156102257648274,-2.551816274831955
-0.024944337524532123,0.7098992922553408,0.7942380645927283
0.19310310530836994,0.7939328385720235,-0.8088792577462475
1.1686076583659648,1.1069684984940966,2.965720595465956
0.11014303101815637,0.5493373330145537,0.7487007099741452
-0.7587970405818114,-0.1529983286946664,-0.9418261618676627
-0.9680838812200003,-1.0894704232452632,-2.5481355843310336
1.2054821673466594,-0.488032453801593,4.193197102787584
-0.5642117514945054,-0.8699549173007949,0.10535212411625361
0.20875394469520867,-0.2985085869752527,-0.02862758704263091
0.24841775508720462,-0.5252945726403875,-0.2891872210455305
0.3850611749859055,-0.19668581587695164,1.8490541274685028
-1.8089298424470839,-1.0238999182742454,-4.358521603494786
0.5005098914373003,-0.6223021165739547,1.096791847815352
1.2943153409711168,0.3555871570779305,2.127710436087644
2.119366900152529,0.21360595350261805,4.078030692822058
-1.438712643745763,-0.404069681572142,-3.325534776994986
-0.8388410862130671,1.0128223320510175,-0.2772952481660462
-0.051551335164068346,-1.6411294413330677,-2.181925850377119
-0.3616997615322087,0.482758608560415,-1.8182742846208277
1.722111680964981,1.5698305671206172,4.259019158869934
-1.6349682290279337,-0.4078477582486193,-2.473719304052403
0.48820588018967714,0.38758491804084705,1.1036968271547496
0.21914639946806683,-0.5582880033242786,0.5583139728063267
0.8778932884382701,-0.02201503624008618,3.4649333036354406
1.147626459639654,0.8156034621223971,2.811324790255745
-0.16217231173915175,-0.9140144813935646,0.7672641363052419
-1.8215586119568528,-0.5548207977491378,-4.688638794159888
0.4898027121442179,0.5322233473848477,1.7839070662778536
0.5031348564620024,0.41570968972445765,0.017442484604314412
-1.6055923651397748,0.8068591818123119,-2.7377159840672856
1.4998310142383648,1.252748196896511,3.113724139869868
0.33934788150360917,0.769852741781516,0.5500662302044008
-1.4396882060200502,-1.07763260721319,-2.191498080505233
0.3193542553695496,0.1537813665439573,0.670367188355161
0.8365066672228838,-0.3990874202489631,0.9141084884420578
0.5818949352301385,-0.005857498112794223,3.1601905663742658
-0.13013435569252102,0.9173623553891427,2.1187679135499247
2.4434090002392432,0.2761554438693391,4.020452475768345
-0.1400096143571501,0.15518836020888616,0.7699611906354024
0.2964234613037865,-0.12011474539778341,1.3219575804492787
0.5965865313801927,0.39701850485698115,1.6611841047044968
0.5924010018184255,-1.178625188558145,1.2378003333558316
0.7199877100935326,-0.4215480240071169,2.4859917710694655
0.465717838807459,1.6165760360428334,2.9316923001544657
0.05274943277479338,0.6161228432977048,-1.1320346780400377
-1.3683693392883478,-0.9617940267648004,-3.161384614418984
0.04781755385601488,-1.2285566593492734,-0.3200289919066842
0.4257779587208518,-0.9593302535892926,2.432702619477058
-0.24690938263444093,0.5801568565632987,0.3810695511365024
0.9830499777786479,0.433158964582613,1.1256928730936684
-0.10819777861913783,-0.568582303141119,0.21723078397256418
0.41374336499018793,-0.3686843408989345,-1.036375180817041
-0.44861572697210716,0.9782280695256063,-0.03134356532128868
0.979351185663192,-0.30707360996601757,2.429934269751963
-1.3078912368057887,-0.058409279845165855,-0.8214880247716527
2.2039432943765753,0.3525337471586788,4.5026244440102126
-0.23323741714282106,-0.18232763050889345,0.11392087305938114
-1.6251870187138422,-0.7350264044028008,-3.1978664477967067
-1.168350650768495,-0.41294127515640955,-3.133772816129106
-2.324972419138038,-1.0810004351986842,-5.501819991362584
-0.06344081852338582,0.4693126160076739,-1.1159453941563449
0.5887508149513538,1.3320401225175382,2.1572183884416716
-0.5704957454391447,0.2442626358690967,-0.8124603904315048
0.07479466663603274,0.8127292261938402,-0.3817798130105525
-1.4976241539030872,-0.6511350249343286,-4.295611486323601
0.9750944577288626,-0.1403087762635678,1.046392514045558
-0.20691737274110605,-0.1361121565936101,-0.8766349205828889
-0.1437904469961196,-1.4306406250992105,-3.075774945931487
2.148842073875086,0.08889294253109002,4.350823780457189
1.1197922291545432,0.4792372589690124,3.288360050559133
-0.9822276895527005,0.6834064555388025,-1.72655495372537
1.5194159598693164,1.3156540407747002,4.558061709689094
-2.110833712402262,-1.4726494367774996,-4.995806174338868
3.0546229688553246,0.6176514590206078,6.440668645217294
1.690230470771273,0.7170740728326013,2.962370386060039
-1.6225615625013547,-0.21002580802477658,-5.036227605786269
-0.6599755904604836,0.6024593327486247,-0.8204438408379336
1.127770193794291,-1.4145324747416996,2.3486910320934102
-1.0958315103594363,0.21439467394076764,-1.7542795233111375
1.4607380339314806,-3.129088191391713,0.6200272274377467
1.4192260090439948,0.3120583031454704,2.316101409890043
1.3164298519029591,1.6015634550043427,2.065097192024387
0.010184360996419561,1.541987027708236,-0.28590557105368464
0.8743042883301264,-2.659669379735896,0.7227628958681254
0.34217407522343957,0.5350268426841378,0.15738235654031607
0.977384396477499,-0.349720994346983,2.610601259183736
-0.5818418494837245,-0.025008058096458226,-1.487313699705278
0.1481634414634866,-2.216133455713499,-1.082897235690726
-0.8568928616237815,0.38504050117513655,-2.3066770298931067
-0.694020265274391,-0.5267206877428837,-0.7642429332052332
-0.0681267734215382,0.3738894888988656,-0.7609587883277967
1.1451910881054856,-0.191218200356621,2.3431152291641384
-0.12499674570534053,-1.0254375553722819,-0.27853601992868926
-0.3529664040210182,0.33319633610716093,-1.5984244581258198
-0.8665125354552685,0.5950690713111392,-0.24816626513652573
-0.7209736255537482,0.0543192874307289,-1.875804628997432
0.48434260411768254,0.5671015874380836,1.730868960316441
0.21913335881724916,-0.4640106287359776,-1.5382358816788808
0.10043128222010483,1.2848008150599874,-0.2213493304645726
-0.7797635322709752,-0.35797228180566,-0.22840757558463132
-2.245588465005359,-0.5796518898459452,-5.547236848764505
0.6905876065647201,1.041592782480644,3.134612264701605
-0.03808117189736515,1.11488218107788,0.45222009266119007
0.15871023097774017,0.6806556371010816,0.041775751623069624
-0.07145404506027753,0.22050665992610416,-0.09237281049872266
-1.567201182357694,1.5948859846480985,-3.753211447677703
-0.39132710370877144,-1.0106408939135005,-1.5846850289068564
2.1445891294340953,1.137769992941505,5.60939704562452
2.3637409358197994,1.7143938344849419,4.183801100573551
-1.4856807005552095,0.05460957413673073,-2.4528761277031284
0.2062333324249314,0.5857220039454019,0.13387973768733735
-1.896381687859218,0.6097021936426443,-3.592666808087254
-0.23371699421341047,1.193582008310369,-1.0557110115176007
1.4800148994787243,-0.8588104266207737,3.518807078591355
1.1009142318470746,0.8957061933489672,3.5124509997506195
-0.8559139043674411,-1.7089470661689259,-2.10422477832399
0.22778177456101573,2.076903545390092,1.421065614430415
-0.253267264078451,-0.5713397592954454,-1.9223739837850768
-1.277979193741058,-0.31619096548670533,-1.1649359671647759
0.17792016188491852,0.2588851766497881,0.5422709079857555
-1.2163091739347993,-1.2503120602036704,-1.7979596356469385
-1.4334773676632784,-0.26289484323598755,-1.1505666604931002
-0.8058063777774681,0.06148744046556738,-2.8125918599232627
0.943498804317376,-0.3399674881780908,0.6568748139430145
-0.4451782145921188,2.026294061344481,0.5096769336188148
-1.4934954191174499,-1.7867606509564387,-2.6135217344683737
-2.356115441581565,-0.1053884156419146,-5.954125112383118
0.8956580124119531,1.1788472885932895,2.030031881591889
-0.16357547439820616,-0.8361648044635379,0.1258691165064535
-0.42858714233169126,-0.13895112180598582,-0.5373319425315806
1.4902034504485955,1.9432848967731375,3.208828995208988
-0.5397364501669192,-1.8673455976503874,-2.6640953624510817
0.33402906039833513,-0.8035978651580801,2.2677296936730937
-0.7800520820051229,-1.198408562578055,-4.365540600099982
-0.44587691456906264,0.6295213842899204,-1.9200025808424814
0.842944289328424,-0.8661285229605838,2.135164294843946
0.9738091370283157,0.46780560296681223,3.4756923972524043
0.7200520396080098,-0.6458063822065707,1.9655060428983986
0.37068435650808,-0.152525559658479,1.4272795361253425
0.13462798276898258,0.8562148793766424,0.1324224517524103
-0.8276062244946467,0.13700375362852818,-1.500012208297399
1.3963563081434247,-1.9407054539663515,4.027879714175062
-0.006429205517335557,-0.5358874674612236,1.2650427818750438
-0.12988847010033786,0.7135950976766334,1.1576077652642889
2.328454437025746,1.8601483196388267,4.838956363666791
1.351956331738462,-1.1148261449750478,0.23201413964185846
-0.7347002207725912,-0.22862103608953407,-3.0602915179832078
-0.02707095708012114,-0.08158987985488388,1.9469962709060442
-0.5057702249745409,-0.7325664873621734,-1.6543963094208176
0.5418551715786024,-1.3826328230557632,0.4891695233540573
0.23858642771827887,1.8387966003440583,1.0916919106257248
0.7161474100724302,1.478334459417218,0.7256224288399158
-0.38058389240453533,-1.4067867166078127,-1.3204470207405892
-0.5700734920450261,-1.8839721321278544,-2.1248422871409973
-1.0594290968884867,-0.2773662276072785,-1.4395585805862545
0.273178425804918,0.43042780519125334,0.6922171344367399
0.41798321827878676,-0.12878666805470668,-0.43635643519493517
0.3765293130364158,1.129264595413803,0.6712886091440076
-0.4449321933239321,-0.24652849301114663,-2.063366290099431
0.21548418572709332,-1.1655478157906602,0.9935956622641828
0.5775873307794233,1.519882292950407,1.486931926531718
0.7626866128557939,-0.23402674381263658,2.3537414990543684
-1.1090020147101978,-0.28397358703892706,-2.1312499613572626
1.8682237376973476,-0.26315828412099557,3.3422189044737727
-1.0273527907256734,0.05600430375821818,-4.175663894697921
-1.1869334962919016,-2.318661889666792,-2.3367156729119243
0.9556824430931261,0.6832971320177768,2.1656581867961444
0.6060671834729958,0.721231898711608,1.2458634824192043
-1.2976326186132747,0.6292451908108685,-2.6596541485528173
-0.7543595693944216,-0.4111256201765407,-1.5692833314776504
0.7569171400896701,0.09930842688086648,2.3131901405493913
1.7189761969818107,-1.4349126716444949,3.3266295984143377
1.820851564220281,0.35978035427046373,2.342206241456052
1.7090413878740611,-0.8170553570547888,3.57175915669659
1.5367231434709918,1.316892924858621,4.269272992975873
0.20811745682460975,-0.9258235679908005,0.6023083172903712
-0.895835523026869,-2.059085382935463,-1.4725224584883359
0.725425466809816,0.17265918396297056,-0.3256841631385323
-1.1028869970575568,-1.6305561326458535,-2.804679417741664
-2.2815098498242405,-0.927846619109304,-4.185686787003074
1.4534907003845916,0.8040322901425143,3.223903352807317
0.04552958389411266,1.872331748639304,0.8124709330023804
0.6480181755553682,-0.26267809001484277,1.8276123651500562
-1.4338076390040388,0.9716512976805789,-1.6325576044578614
-3.880699299038096,-1.377363861691964,-9.075817075044474
0.4057841716714828,1.7305013142838654,0.6369469441667126
-1.4486980998390269,-0.005087181455134253,-3.490820409640242
-0.6032088092168715,-0.779880243419497,-0.7017316753852931
0.45882451573852434,0.3975439214156315,0.9766880863056904
-0.7789436995869643,-0.8092489367071422,-1.0937139624935939
0.045322594054938506,0.050323030248645,-0.06697672677487003
-0.6944114630135491,0.10177204172181402,-2.1910097079456845
-0.7465024550784856,1.1691235460632339,0.5567820280343869
-0.4068745870202137,-0.5665910938970413,0.9781656827634949
0.9002908998056588,-0.3753402883235606,1.6758219325247623
-1.064360767815014,0.1239935389961075,-3.366865762605638
1.1442992039843776,0.8973744777333249,4.142226791044191
0.025317812217660163,1.8955969931734151,0.5391766210561029
-0.8505366387268622,1.58218645567045,-0.7498140981400984
0.923013609413355,0.9602553537831743,0.6635543107932134
0.15927994518578492,-1.9030769771044622,1.4795293067483142
1.4507189690052984,0.9473247538752367,4.874696848060564
0.8187654751453916,0.7534203721730116,2.033362159646274
-0.2522837836695059,-0.6977971270218263,-1.3106801893379263
1.351537648324199,-0.5649302110342528,0.32472544209279963
-0.8481081524239065,-1.36915034494198,-2.487680266830076
-0.0889746554223884,-0.012546974779610595,0.5530889507138654
-0.30311234919797425,0.09063001567830735,0.18968797414090244
0.21950535160084073,-1.7535504606445778,-0.7024516992907638
-0.8495202686095871,-1.5813376329750373,-0.5367828714993872
0.70413846823572,0.174485077417376,2.015550373814557
-1.74280939482564,-1.0268839383677253,-3.756732825555463
-0.868922530500274,-0.29921632236948076,-2.0249923126302076
0.5957169047240625,1.0077166861106257,0.930136475844236
0.06613067536429351,-0.42591120128335047,-0.4017144404209461
-0.660982408349695,0.12706431482694808,-1.0369950451547325
1.5762801727508624,0.6157710245831568,3.286794683584257
0.48166132109571824,-1.1246577110211375,2.160312970010283
0.45899752619650636,1.2426770219451824,1.2628867356184232
0.5702306163437689,0.9170153572797162,0.6852512759463388
0.11437523485170997,1.2729652929944588,-1.305710635218337
1.089456747619381,-0.42620110290016033,3.2360858836065205
-0.06870217219623548,-1.4643195896013532,-0.866461657398957
-1.8473720571997756,0.5111629497808782,-4.946157602685427
0.21732361479267442,0.6185322517842494,-0.2592257696613721
0.7125297239626315,2.5403686238564416,4.7301580439181885
-0.5013663974111203,1.719492926049952,-1.7722201501150763
-0.5086319397401844,-0.46488276451365773,-0.864525048881614
1.4139339391288783,-1.006777290192955,0.6831663952642695
2.721643765006568,0.6209889634438983,5.388561624982262
1.68763116216707,1.9932424925433916,4.293974431657945
-0.7994517383745019,-1.1831339655082926,-2.1959649918354858
0.7583143647139291,-0.7805016085864929,1.2904978849729087
1.2251338567504904,1.7476949879024237,2.739246994172939
2.308771152908512,1.8371869821669802,6.08647645591142
-0.5913192623092983,0.19455641444647745,-1.2010382562395965
0.4008828591964192,-1.6202302842384417,1.9276627572489802
2.45637071053494,-0.5425705274232439,5.4897000915457035
-1.7515184197708882,1.1674188404750192,-3.25144306541373
1.5239506854766374,2.153733574877312,4.796847801291904
1.3172698520413806,-0.015876540172533347,2.6669339200770965
0.29936135953592624,-0.6314451339640044,0.7368826270228965
0.6658007374791426,0.30528731624952027,1.157611721318757
-0.7109996874312694,0.14487860389208418,-4.389651013796859
-1.0082994297816366,-0.909335306190533,-2.7820643942712926
-0.8475657135440207,0.5918841737191854,-3.006095205159922
-1.3021290714453468,1.3904443077912318,-2.167179910368277
0.4367767105857104,0.01312042728545073,1.0110513152812144
0.2985322165416279,0.6257502005598978,1.1927436140018852
0.04613842720185858,0.25208503319733594,0.4369403045286051
0.29553644612757335,0.46156609381085073,2.9384214919581995
-0.4779050525755625,-0.21362309040986008,-0.9970657804514658
2.1293834308951025,1.1978760579136116,5.311454156476527
0.42691227735380455,0.23180313344191159,0.9912013806335187
-0.17159086148032804,-0.5028414519507384,1.337834305334406
-0.8705682025378165,0.6304571304870615,-0.8168799998641848
-0.6947170249345136,0.957297525780924,0.015051743234133719
-0.7719589444176053,-0.07448286314166074,-3.5871510163896585
-0.33357315448878705,-2.6781644108209326,-0.9394058980352898
1.4071363180308019,1.636164386587317,2.5000075079466786
-0.7911434121082758,-0.7506305486363837,-0.8876076635109874
-0.9453985219855511,-0.349143907623776,-2.142669200796081
-0.24490255421392948,1.6186307397949737,0.6794340772805718
-1.6535382886225665,-1.898039888502157,-3.4383862073728104
-0.22233405310103121,-1.106544360431104,-2.751313188236039
0.9996229475992974,-0.7494507087513925,0.8313453224477928
-3.000271782063928,-1.3128813701278925,-6.923748471504303
0.25195019895113985,1.1032883239647493,1.6507068449187965
1.6903602737652186,1.2644961336434901,3.3900947608333354
-0.6382219282498909,0.500876131100523,-1.3179174964119311
-0.23967625454979574,-0.43940582572684955,-0.27782618137754145
0.6674204477059066,-0.42367997561213744,1.124699758753754
0.19505612634466804,-0.5680730722073339,-0.9079059737828488
0.17284402910531657,-0.5247063662818279,1.9786411021795294
-2.1419796684355124,0.482825593869976,-4.820372843318741
-0.13831352566229216,0.9092633653927553,-0.05521385506593348
-0.3254901894507295,-0.4565776870187549,-1.240252988489412
1.1561536428255876,0.3189903989668572,1.6857178340711299
-0.3970432013732106,-2.3857927508948733,-2.084008987726658
0.7806978113400265,0.075836973157585,1.369874962447765
0.5911108710020252,-0.8784418563748956,-0.24850245660921355
-1.1199150531244055,1.0985331798030848,-0.04415435081836283
0.897542502681215,1.185824407633671,1.8870471746478514
-0.1511798490808789,-2.19649538110396,-2.3546435113968824
-1.0131441129655094,0.9223175184720701,-0.7403071333955427
-2.257012559396614,-0.5657283937178437,-4.814972643092746
0.19500019410097477,-0.16394102167780333,-0.2813145168051637
0.7265528451672231,0.8985008270154393,1.1463699288642788
-0.48502807625276373,0.6891673190229802,-0.8836782278692182
0.7789191044282158,-0.8190232453426811,-0.3447756200626162
-1.2719525874339639,0.32006675697621795,-2.561677764311823
1.7967356847912659,-0.46707523121585826,5.365713252144769
0.9909033074124134,1.251855336046486,0.16654259177661368
1.0187640158169293,-1.5714725855299934,2.2163211287600153
1.06219543052338,0.8197544520824106,2.6922278927401937
0.762394515671728,1.3910960881963277,4.554070376514437
-0.39030276899079086,-2.6095250091857802,-2.1238249364822526
1.4802476033063938,0.6477465969605094,2.682738367547559
1.0061470677618787,-0.36297958207146164,1.662754388438521
0.28499238395587523,0.11022175101804282,0.49148085849008366
1.9705431173801213,-0.27007414755984566,3.107332488028897
-0.8455999552009528,0.6920973069337157,-1.366290538009857
-1.024872488058425,0.9282803054719992,0.22980916212179237
2.636903649889807,0.5931301013396949,5.79722570101075
-0.8253015838961759,-0.10629276882251523,-0.7888487492073538
1.464110699439775,-0.42412912886889015,2.792738698373339
0.7794240721508111,-0.14031375201880988,2.843620591155566
-0.497462242930313,-0.2272911513118029,-1.2735635095805284
0.07581462999320601,0.20506193823320476,0.2375658700464763
-0.6498180479896395,-0.8245954885437242,-2.4798870021362287
0.2740198607721063,0.584580583678504,0.5990907696069767
-0.7953800513406087,-0.9982986658702837,-2.326172057815808
-1.5194897139795895,-1.4842815061272476,-3.3313986269170632
0.7650622969069265,0.25777748308748966,2.230837890065035
-0.16935809197616972,0.4152900040588136,0.7777139890315219
0.1215139359196272,1.0254195729126205,0.7660565334970751
-0.1310936644600073,0.7260760679209013,1.8079355458393158
0.4126785952565064,0.21978737614635713,1.0223980322205586
-0.7723605164863401,0.6915996117960661,-1.6662814040540233
0.03732924073041438,-0.9804977353711327,0.5265611377593421
-0.8608865544214865,-1.1406097038614704,-2.626866866645945
-0.5914512645284559,-1.2154879967948256,-1.373890624998121
-0.4802347822048954,0.04472853632332507,-1.201644966384209
0.2570955898273098,0.6614703746809388,-0.45468138945678716
0.7121242618883374,0.9063922471426443,2.0942734417568465
-0.41762640440877946,1.4837014530501478,-0.8801643850683694
-0.47222971976546857,0.3292005875748379,-1.234841269072485
-0.16750235443918904,-0.12819144934417767,-0.8826899010219922
-1.7958484016445213,-0.6612769429895631,-3.5975799309150447
-0.04404718724276935,0.2540682196467313,-1.9790982586544792
1.6327849030511508,-0.06435527480315034,0.8603548250304072
-0.45954965558800165,-0.3251293166621928,-0.22278276027710242
-0.24230965925814688,-0.6770230652825618,0.6964840462554076
-1.4024222421245984,-1.0058648980286953,-2.742696595875281
-0.6278324592411382,-0.982946998026845,-1.289593480791961
0.9581153612779869,1.4688303618379153,3.2671353404678136
0.8611646376651197,0.25061783329351645,0.75408287226737
0.029775405573907232,-0.4300717566332965,-0.9917020952576708
-0.7079409568586341,-1.57919107955978,-1.949648043203352
-1.1183478347971623,0.19286373691063846,-0.5162771891185796
-0.16252853084963684,-0.4973000551804335,0.050288005704220984
0.2838582663976915,-0.0858915513421521,1.3983982592144624
-0.44077262387248595,-0.20714875528978338,1.324790504444238
1.1799337615673164,0.7760553887025036,1.268602125483994
0.2098188086506537,-0.06863525905283865,0.3102238073914916
-1.0069178147808526,-0.17800141703070854,-4.001249146842545
0.34677068738801475,2.3728384785312002,0.8145282629845249
-0.30553038624289225,1.0872041975773503,-1.1547558304368877
-1.228452846345012,0.13001823130187154,-1.6499375898033786
-1.3521952820468814,-0.7311979966279684,-3.5396104803570045
0.0025404032955424483,1.1791296835530756,-0.07321410829794944
-1.0230447951245878,-0.9326495561927671,-2.4346194255159355
0.13430095227076158,-0.048064173227649755,1.2644927993211361
-1.6537076159528654,0.8525857485209763,-1.3831938614119041
-1.4887006137453407,-0.41131211532592854,-3.4659896038032407
1.2615222387199467,-0.3672098239086982,2.9016663681766843
-0.22612700549159698,0.44030914140307614,-1.5495730454153183
0.30014386375188246,0.139471132630852,-0.8812919100336777
0.7249316388423773,-0.2492526120088583,1.9855158381963478
-0.13479435881187402,-0.20937403494184248,-2.4796114652356507
1.3045880865624375,0.25089922580312235,3.415704627608411
0.9574855197951769,0.4667286674139218,2.6786455605990853
2.4335728681801445,1.2942618159530432,5.591789984816183
0.7728454267118848,-0.41923227934038676,1.3689824830523234
2.3253803291703736,1.3166594512835585,5.240443872076301
-0.4074459752325811,-1.4652163568428793,-2.058104668368392
-1.3516460432006785,-0.6450865698934425,-3.8814238415044433
0.6683246460632828,-1.352901849503458,1.6705623936418026
-0.2131507985695314,0.30944156174369036,-0.35599173221771924
0.6085470000485123,0.42086138072343404,-1.5846968966832586
1.333676957835588,-1.3660254185853913,0.6464501510645073
0.8135415965000515,0.047864472156787345,2.5556526646960793
-1.7726005566070433,-0.9138662742098204,-3.8245209539094547
1.6578585909443966,0.49384285509421705,5.029112190604987
0.2707040681573442,-1.5549138394119406,-0.543576881395736
0.1566533948371619,0.8647173158228757,2.2716516026250404
-0.6845343599430826,-0.044407932368368985,-1.43422463867713
-0.34854381603887785,-1.0359426937414666,-2.431401110852235
-1.3195086875900475,-0.08292211201285021,-3.046746450092493
-2.3195771722670955,-0.2656670251390437,-5.322571952197773
-0.8898026689941543,-0.36446137409918505,-3.678630666674281
-0.4843179864119557,-1.497349091565915,-1.5178306020215
-1.4023146113387273,-0.5852101559690124,-1.5057939911833835
-2.287991551274702,-0.17332762282201036,-4.202809223132628
0.14264335455046512,-1.4832522072821366,-0.4720627813567235
-0.6897914378341308,0.3023613851827435,-1.7323624594877214
0.4580400069290218,1.3731163860589826,2.5050437506903487
-2.173984661890362,0.7820872003459194,-3.5269828898268694
0.5567283099455274,-0.798532957525137,0.051084371274696894
-1.113294451423635,-0.6568662171352503,-1.6907847715077247
1.063983825188093,-0.4656922544803157,2.656710281635545
0.24776860919226415,0.6058934153869046,-0.00427666130940918
0.2004757319235231,-0.03951953725138908,0.230186142688962
0.013738945349458742,-0.9450565027922311,0.49278416303753875
-0.5599300308706737,-1.5119846105844676,-3.1756113451773644
0.8183511850407852,0.5592971629786024,1.9753981774291896
1.600574141441713,-1.0439634503748774,1.6582440475552254
0.45892226565733585,0.49701207243778844,-0.1500342772238572
-0.1068290930476928,0.0730709155813911,0.4960405995440572
0.004379328731953014,0.7217710149431228,-0.17020325960748278
-0.8648979487777306,1.0941715010496877,-0.975993840666585
-0.25161964057201913,-1.4232943894976087,0.047807503036722654
-1.1025255365018445,1.0223036575444835,-0.7018249748913352
-0.8865252146753546,0.687815078920929,-3.0064015685822634
1.3221434277104043,-0.30745488966092727,1.8676736724109055
-1.5406194278847116,-0.019749055570371325,-3.8689259276373487
2.2776582972578034,0.48839838570163574,4.388908747279783
0.8998710353012729,0.6605008103540836,3.3952439388516042
1.2507714213320034,-1.7140433273145272,1.8487083272528861
0.8903465024138522,1.4588569811072856,0.41659383982325804
-0.6103573889101455,-1.4078954833639448,-2.4580195213667757
1.0652412818531323,-2.0811641192689048,2.0050518912220974
0.3065090391542753,0.9542393856503124,-0.1519233241860698
-0.8742870971582178,-1.5115922544532123,-3.0132464575612476
-0.6472681325409061,-0.22414313403266656,0.17354487681870356
-0.9495760338762522,-1.3465288955114183,-3.2581206804609293
-0.08932324607334596,-1.794584309347689,-1.5450684948088802
0.2621166382044007,-0.4421139960504954,0.7571924951012445
0.2585522858177372,0.647112024498933,1.6639540740099927
-1.730700366514193,0.3158993801176862,-3.605481949038049
-1.3097386351939149,-0.6424738163191853,-2.767297275109159
-2.2695797354537657,-0.015757047070823114,-3.239306518110441
-1.249745429253382,-0.09869514749750732,-3.018029315676075
1.8418365643232355,-0.023524488561446174,3.0687431006303676
1.3881666134393646,-0.4460382951932046,2.9824026990039125
-0.6168726629904443,0.3609499026103425,0.26123810476863096
0.9228856703422832,-1.082702510991423,0.6615879599756925
-0.023830667538386308,0.37751739577456445,1.3593267986801263
-0.2822220307547805,-0.33940770447916135,-0.8711595046764655
0.9525967767908295,-0.33559859202823566,1.5070740693890734
0.082480141605182,0.7058040936337999,1.4525608551523845
1.0804134149487665,-0.4275718220181339,3.381399205992214
-0.0022988186739645866,-0.9853502515375778,-1.2435779853983737
-1.3436206293581652,-1.2030383415122394,-3.8275052801052336
0.6071309002001607,0.6690327433646871,1.136189886435961
-0.7366643708051064,-2.3332873773390483,-3.156661763905632
-0.6410421232588882,-0.4169155735630245,-2.483658392643896
-0.15224322737662058,0.1814563876456565,0.3011133135387833
-0.4029555154825598,-1.374960408151906,-0.9549878926380075
0.6298516068529973,0.0069629587237333545,1.3126839458207458
0.2722699731940034,0.670240018934236,0.7963898920677973
-0.33849918036322035,-1.8244285873099113,0.07194688559910434
-1.5408449693044723,-0.8872139588563793,-3.291803162000407
0.34103309341604393,1.7622624439838284,1.9365868993759419
-0.3032817432909889,-0.6546244214727305,-0.645662892522988
-0.6500927497201799,-0.9660944599288185,-2.07139491855956
-0.6606376375046052,-0.8577185617501863,-1.2183291962209828
-0.11991933523765383,-0.4343193995799055,0.9034723271125189
0.05805848240268419,0.18591988625316427,-0.46677746466176334
0.2643665309153101,-0.7036672669154111,0.9734315425927393
1.4996593084178407,0.20171959916754592,2.1166952083584456
-0.008733169526969425,0.7019527472754585,-0.4920654998282392
-0.1647991939187723,0.3361815122201152,-9.34948204689423e-6
2.335900247095511,0.74982570129541,5.394572096111607
-0.6492784879919132,-0.8008823351885528,0.3430296477406898
-0.5912867217792501,-0.12274139306401129,-1.6209890201550632
0.7108233513279354,0.6642885915013561,0.32135369732754016
-0.121545084791215,0.05495788323478826,0.3985104252704336
0.5447008643134953,0.21269503384138724,-0.2789459418125455
0.7886926285421056,0.05086067972008739,1.2735086509521367
2.8510272701521613,0.18291685066956445,6.356881424987705
1.2222779324037343,-0.024672928371823336,1.7238749666153423
0.6129582491044352,-1.0993909982109151,1.9898993977993293
0.3589740341094094,0.1739993310724785,-0.8879332398439888
-0.534462637373687,-0.45536672234927955,-3.9489554513618295
0.48104154737876986,1.435778861801536,3.168733968635445
-1.1900130962270241,-0.5295901696128763,-1.8215502244423027
0.8583401326748129,0.15215139607186118,3.5443847476587296
0.03942392849130649,-1.9732613240961798,-0.1056325968282989
1.0875630914851553,-0.6588787607011941,1.9737743296492918
-1.2494687816674457,-0.8284526488827371,-2.3925124067806323
0.10805816723820605,1.231703543067088,-0.09538358518162804
-1.019190012443082,-0.15108595093519697,-0.711198601040324
-0.16711251476277095,0.14495627465650915,-0.7795600067664421
0.3021996267210374,0.30029691204902925,0.36499803868152975
0.6710224330447361,-0.5311114792646582,0.3559748503041189
0.3898239641703823,0.300715141684049,1.260656748374878
-0.16778024024813826,1.5066240405198175,-1.1318878576106264
0.09576138617772105,0.6169927099568017,0.19591347889408015
-0.7470196258260433,0.714400058203048,-3.6172046760622547
0.15682421114773887,-0.8345228257518971,0.3131567315216143
0.6243008041010255,0.1790475392768052,1.8428620475442634
-1.1642077889734834,0.2933464367153309,-1.1804370113544058
0.568537849479264,-0.6551016300915723,0.2153801345926184
0.9701593422784511,0.11742054833593271,0.36456771132502275
1.2439522208329488,1.9735280903993837,4.754164145269222
0.5857624933953393,-0.9745332319614219,-0.866562310917092
-0.7767483181288587,0.552947651207812,0.18718469321077347
-1.215029411258139,-1.0738211297522664,-3.8234729474048734
1.4313234236159886,0.35199676928044127,3.465567712213008
0.4157221565631834,-1.0418247757409596,0.59567853298358
-0.12824819273794352,0.5903511516859333,-0.18849724296949272
0.21790824259107355,-1.2684398987987515,-0.8174392629739803
1.8180357402845715,0.020477664707116504,2.984929992601684
0.5905152372658684,1.34131625877434,0.8930572459826047
-0.4704164148290964,-0.2224740874494411,-0.3966571757855608
-0.6132835038371199,-0.10639759420363668,-0.784175134398637
-0.7304833811612117,1.4041903117897585,-1.4048094583545145
0.816220461928873,2.0362965531614887,2.4961792016643445
1.2551993605053187,2.483105112706674,3.6975636447522606
0.05398018700749466,-0.3936253244304238,-0.3313071289705789
0.03607674745578576,-1.055136590659028,-0.6428230355819133
0.04408851885977674,0.6511543424175013,1.6448682344677887
0.6013151726049513,0.43559544425683605,-0.8665102926162191
-0.44244106570989516,1.2852082343666438,-0.2747570708880809
-0.17677403704309416,0.1502133676836975,1.3715708819512098
0.008886143047928861,0.16081935944895873,-0.5091528883731004
1.7764727571290662,1.513758634433156,3.237593662781131
-2.010809535893376,0.16199076997496573,-3.2663865236308673
2.477896059378024,0.68223512694434,6.245436154410877
-0.5550653996548667,0.4845175449985815,-1.6893297243720817
1.0659182660882889,-0.044471920391454464,3.187867480559551
-0.4256555715240672,-0.5348111632302803,-2.046952067996137
-0.38791659837843473,-0.337547843522416,-1.4722888608705051
-0.7146440072780956,-1.948526968123008,-1.3279267681883749
-2.053974172684499,1.2784550164989514,-3.0390419213062057
2.3981246532567733,-1.5951108292080456,4.808607388618859
0.08065867720660044,-0.5907004833097332,-0.9879802775041467
0.5589838412655219,-0.37033104572975417,1.9617890697752718
-0.23278527159415763,1.205528356687856,0.26099783053718173
-0.7051615981475103,0.05785070424817016,0.2762664502650616
1.636994349458622,0.9442252893767589,2.9762942394861844
0.7018024141794749,-0.2942318494925688,3.2170403754259613
1.619633487712943,1.6713684484401057,3.863749734804167
-0.16926354815291808,0.4869978183568821,1.9253788414009776
-1.1709879123001496,0.547294217368083,-3.0672865099328472
-0.3442790848540927,0.8775309839690358,-1.0979625933108708
1.218872981129414,-1.4822322527289475,2.1404305448170096
-1.5729194327512492,-0.010524012400954777,-3.575816012411245
1.8334653569406356,0.2144242485436279,3.1919576908010323
-0.7205373091813582,-0.7667292483367798,-0.19391440621067368
-1.563661793719875,0.01217051996509671,-4.025055960358798
-1.353654687077849,-0.7213403308483716,-1.1739948366425865
0.41573382127066433,0.21974742967961505,0.9678779901968705
-0.8221051127593091,-1.7848282232218828,-2.2400825267559887
-2.5057982345991534,0.28440958867349886,-6.133191374801166
-0.5589786215570836,-0.636273493528611,-1.2176921558429783
1.8527393092520144,0.9393398974119083,3.1785950891096055
-0.9344874744830605,-1.9731104981532352,-0.05355906390466725
1.5628437901242298,0.04251330930585284,2.57354638999679
-0.7496822827390079,-0.2209096424624605,-1.2459067592680508
1.022231322568509,0.9405236131283989,2.42505212064009
-0.821572244991388,-1.580011108812814,-1.6026163373889961
0.743132689617622,-0.5487310150649675,0.2206110101794463
-1.6353398276948312,0.7118615173618809,-4.652031137676486
0.3874961410027101,0.6128736225984992,2.0760740258483636
1.4637519230632925,0.35633410759892087,3.679620704773087
-0.7578932971671584,0.2885703072688786,0.3112449244536881
1.1564500889360163,-1.6685417140276166,2.404206393771329
-0.1492752814722601,0.8510621971785376,0.8844429604541466
-0.4972795956704819,0.21577606345008257,0.7110198749374956
-1.6538300128293264,-1.814707085296877,-3.0055429708778423
0.5166035585287186,-0.1734513301521087,1.4713164498350229
-0.8204123167916164,0.9537677612719975,-2.2886632065167305
-1.201800945543753,0.7037875844778163,-2.047979299308109
-0.44264352352378356,-0.6312849504025767,-0.4563846849815496
-1.4705441382923858,0.9075917682098541,-2.21702678760349
-1.0062846237702985,-0.3969633257336457,-2.784651781618027
2.0643831600493905,0.3819589654534712,3.109311149050737
0.32568183336651874,0.9285327011426525,1.6277680993988621
0.9741307147033808,0.3905760887681694,2.0069382575844
-1.8177549346468271,-0.6527025487471615,-3.704079714996366
-1.9301448346144061,0.8199823668145676,-2.952369109346994
1.4027934831374114,1.4774300857833171,2.9817880187056223
-0.18075153524750517,-0.9291964337926325,0.4738992452189563
1.5669765631431336,-0.18219433318598488,2.4757529257618414
1.3446532572098815,1.003658471674398,2.821130981392527
-2.4775918132614048,-0.851991888128706,-3.5488565546040416
0.6870761199960114,-1.7193758029631798,1.1246521706047838
-1.1665846993855589,-0.4946990353047707,-2.4703024250653014
0.23248314982339235,1.0664897774583302,0.03835257771355283
-0.14807844970420042,-1.3618476327434594,-1.9418771984612988
-0.7570674996688703,-0.2483038306007596,-1.3534861094204733
-0.4784351138249083,0.9619300781486294,-0.4498295282402632
0.02582745163146318,0.046927454271828935,1.565537674805644
0.43989196161029204,0.5669190543350152,0.65768937275514
-1.1100579733462947,1.623980160049019,-1.4808662422109942
2.0423188701294896,0.9007712114551538,4.255162838231936
1.5243051095448426,0.5911906514726211,4.58954119531537
-0.1833873177059336,0.4909864081838236,-0.7528926029846761
-2.0398977516998062,-1.1584166036365944,-4.026199962646315
1.2765683484685695,0.8391968934398828,4.184083602625281
2.1805508968787146,0.5421066218720216,5.298622812698714
-0.9964327816190315,0.4036207342723216,-1.0981104390258274
0.17954569890728503,0.05720034377495207,0.0021510342993545373
-1.8378300846893545,-1.2710478831011511,-3.5684140923561634
-0.453821055252995,0.15359375197672823,-1.945075854540121
1.0049703382217379,1.2549560952176477,2.8811619668048363
-1.6330878077549147,-0.6117129598479674,-3.06054826837248
-1.636892996409863,-1.8008492474767521,-3.207648669637096
0.19842986347830094,1.8380278701859334,1.8652371680822983
-0.7118667249851124,-0.564277936786275,-0.7145667047740315
0.3600388537653279,1.1403566006523826,2.3044830078670766
0.07037774610644194,0.6240534704728142,-0.24077666915923857
-1.4662513589740787,1.6577361002455553,-2.8987142571570192
-1.2923751865093378,-0.042090584547308865,-2.0012784678058395
0.05672500603668157,-0.300444528172987,0.8822095088916703
0.9877141240050787,1.7322579791516994,1.3590669202622183
2.0963821371408295,2.1565298233994756,4.716424488348309
0.6825308667357246,0.31851888035125375,0.19018389672710745
0.026642829065911616,0.16984704552344043,0.054042075370076395
0.8285757452176418,0.7423494982910566,2.949864696187591
-1.3001477196750317,-0.6725366904095317,-2.8280078738224157
-2.1358077793619885,0.4978261523874398,-5.233328151386288
-0.5409408330925289,-0.9896120021407144,-2.9961294319409024
-0.38319251936899146,-0.29747961441229664,1.1426995546845427
-0.5828776372745696,0.7948835338316712,-2.9506115993346995
-2.4734613271419326,-0.7629534101753632,-5.869404695129532
-1.110630007613684,0.8508606236314413,-2.598654099363295
1.6428959234757305,0.5021790596860936,3.1852758453123147
-0.6852904874168184,1.4337425355160602,-0.9126170883960938
0.62734433862014,2.1656629893547334,1.4472338735644144
-0.5135857271916155,-0.5753757575705406,-0.4352411620889063
1.8036770324186109,0.39063883260337406,5.067284402023623
0.611670253273923,1.5586637810958792,0.9645543696673993
2.0869443884943704,0.19904542772655226,4.947927095059313
0.8489015942520615,-0.6538130013196788,1.4190090276085527
-1.8468116822435268,-0.9975708054152411,-5.228762466232112
0.5284398733131812,1.4004443032092968,-0.022076289620534206
1.2379569994047657,2.5994917056840383,2.2524026564558635
-0.9457394949871955,-1.0473002830109124,-3.121450307628699
-0.35261827095236903,0.11053730402209966,1.116629799408864
-0.44278933163854295,-1.568069145614349,-2.1815804714641374
-1.906972955533046,0.06967120631415212,-4.43557716594558
-2.231980717442233,-0.3071798647523207,-2.9720198731980902
-0.722400664805469,-0.012053286253722073,-2.539605213054487
1.304767984546418,2.8948543908046727,3.694241577915662
0.7091970785975912,-1.3986804784596691,-0.6449400382425836
-2.295766827773834,0.4321134017064532,-5.942846447190486
0.33346585296579795,1.8326577167113545,-0.4712362488733146
-1.0959840667246972,-0.6110225434158649,-2.2365354031826876
-0.8403801800446661,-0.8193427131601875,-2.3161387311751556
1.0054359595720428,0.04830946044580999,2.139560514367946
2.4045570868750072,1.3005513699564302,5.350194069481939
-0.43311990802285855,-0.34312484040499297,-0.3071252484404027
-0.2591839293999616,-1.0257912707783445,-1.3320708173366027
-1.7285806273488051,0.0705485417925557,-1.3275075061569512
2.148824996990146,-2.017819268110738,5.166583599267906
-0.47406680931426504,-1.4754551209871012,-1.9514632581871383
1.036632728848615,1.0864627980909634,1.8114931848456979
0.5990490954592963,0.45881557444238213,0.7187585725282823
-1.9115592822663814,-2.1739964299639727,-1.9047295537568516
0.34913289993708435,0.6176162572229322,-1.0392146593292961
-2.0078211474709597,-2.304795352448918,-4.365066385306581
-0.03460520581534421,-0.44696871184510795,-1.4790807582133823
0.39909621285288754,0.29949067695871956,-0.15481608561745097
-1.3986698365522479,-1.4284745867245774,-2.411305420952882
-0.9947119562180662,1.2674974840329065,-0.6259348617628321
0.4249205360662877,1.2145057899453102,0.8700391746907399
-0.10224250372528944,-0.6748559310427696,-0.10829365009209829
0.4428593801224745,1.1210219098824497,0.869820096867941
1.990540874202687,0.19654977656002004,3.1299855113861184
-0.42144069549184665,0.6501131886672642,-0.36718476682466006
-0.3612662227292647,0.6710041879019935,-1.5569015856676107
-1.3752104545224424,-1.284157765132228,-2.862619494913384
2.1233947215774256,-2.026109582789531,4.176754717964017
-0.06006839752427917,2.2053260643708246,1.0418542007223979
1.4029218997772233,0.23138992991116691,4.752551182899484
-1.1073153787602579,0.3756422601848065,-2.6485617102289853
1.0438857403841009,-1.1929685182981011,1.9381970377597861
0.6719883291347963,1.1325498418100828,1.0375957092377308
-0.26663093594630705,1.8394767949516482,0.440371403236466
0.7661782201246552,1.5278701045484024,2.0294147621350556
0.5265625271926345,-2.0236270227577586,0.1200964925495453
0.6206265067789745,-1.0405079986332928,2.8563971870609737
0.2534387906319541,0.09779160179052003,-0.7444220651748704
-0.20875776060513943,0.6968407993856927,-1.0580175567032453
-1.8134978907286072,-0.5438885166101,-4.8372248968669584
-1.2369526960992432,-0.8585493019440226,-0.6309878182110888
-1.0388895938466978,0.22978593633584327,-1.723624878029326
0.3281175531586078,-0.9426431516075274,1.164627374759271
0.18525228213280237,2.0435043021043526,1.8892269693367074
-0.054566171734087676,-1.8254953998998376,-0.9272536519978184
0.9228425713838002,0.5087922074001135,1.5310831366849305
0.2870183232650788,-1.996327206730165,0.4132656950227979
1.6894046378235488,-0.49432291718791566,4.5087379975704405
0.04294191928953617,1.4843372841576186,-1.9720512745980887
0.01677328785082166,1.1217685743214383,1.5995662199633918
-1.1086754014593057,-1.3998606480999207,-3.111762411780867
0.8782508592770841,-1.476098036294547,0.7580409636011971
-0.4063967579314562,0.058105839740773844,-0.3183223216937027
-0.34263692714332783,-0.9529766387462643,-0.28047922976464923
-0.48398817254173254,0.40577011482865566,0.42351742469626674
-0.551697063888914,-0.9839384838951973,-0.8305397475009789
-0.18177261573596865,-1.610123015969892,0.4074899856239216
-1.0676739175914747,-0.4301687678968263,-1.9914574197320263
0.5755472610479198,-1.2242106327967168,1.379256080547421
-0.8461680590273142,1.0866419673221024,-0.9402669289459099
0.7514257044189389,-0.3348055803811427,0.5072406250621964
-0.6942361760043501,-0.03784070390005075,-1.978569699809431
-0.4956877622424969,1.38059132989247,-0.4108601089115355
1.7125453820236312,1.8578212424169174,2.8101046068525575
-0.02862630518262292,-0.052950217812520406,0.44343083587822885
0.31452842488737887,0.33333620077998183,1.2871535761316895
1.8068499138428495,1.3090976820364069,4.2773585045235345
0.7198740100016173,-0.17446224484665032,2.005582057289633
-0.39493585445982105,-1.043625865107206,-0.5094695934853999
-0.6525545033054995,0.9942003661615466,-2.167333668735622
-0.1932614598912732,-1.5246345396298324,-0.8390082391012934
-0.4483573978123259,-0.2452531291498146,-0.2535852335551183
0.7095210835025527,-0.4021550778234642,0.9848943929629064
-1.2805263141590821,-0.5227443363676962,-2.0268017477042655
-1.5138789697161241,-2.753608754149068,-3.489335489586847
2.6795621231784157,-0.5869002422073278,3.6029602112143806
1.7177746937026952,1.2663129307259557,4.170974612515643
-1.2067538424726805,-0.4688706550332822,-1.8214480753070246
-0.6943644319332851,-0.6190431852079391,-0.2848192757960928
-0.31115190369292145,-0.6661394827384698,-1.6015869662632207
-1.0098123434088855,-0.8747392937008777,-2.3264007542146175
0.9233584801260537,0.14602170384100038,0.5909330392740564
0.4276398533875314,0.5927807080876272,1.505517045657575
2.0234149489380253,1.448705750106612,4.76603532589758
-0.5778633246359971,-1.5660912885075806,-2.1443071839598726
1.0097033762384704,0.3953533306836657,1.1504754891883664
0.29738664084941796,-0.15323395996321754,0.20973434827891324
-1.328781872984532,0.2852860185723186,-2.188553819231758
-1.7094195735506124,-1.031717268426286,-6.232144973682721
0.09368803567224358,0.045511417611447245,1.167790367403843
-2.119108281711381,-1.1536137871377308,-4.282621943483573
-0.7348649504601755,0.6597032763878627,-1.4414660828775494
0.3950679974931217,-0.9461898167309871,0.5865941781621143
0.7061785677406531,0.06354727856790894,4.020307295092967
-1.0959403806413377,-2.1272326769291587,-3.3312345511111965
0.1488632215866541,0.326966861093077,-1.4534049258296375
-0.8403901963487768,1.1077228977015914,-2.7170034859340273
0.12262905476288719,0.7661628767748956,0.47729341704090883
1.215916569554893,1.0536729823113025,2.816993004621361
0.8616962381269269,-1.3559427984614905,0.36189559562091655
-1.3106842768805307,-0.1693013865733869,-2.097452943379025
-0.3750263099104564,-0.06970098801841398,-1.3256102125910167
0.06684474805418258,0.7201956486951698,0.2942798311735007
0.10774706846993276,-0.16778187653855833,0.8091228818589311
-1.3249808218923909,-0.2032789160151533,-2.4806993033685565
0.6648425197952161,1.6781282501124262,1.1907128722002434
0.8420092254629716,1.0909351280286053,1.3859629988915452
1.07052668822784,-1.7564446296717822,3.2803893529111523
-1.262566910218234,-0.3846107929948948,-3.1860851968165815
0.26691521913331134,-0.9921581873978335,2.1252571865549794
0.5757761722849433,2.9715850332843052,2.11105848449877
-1.8492658860222884,-0.49433453134630473,-3.4734958783095093
2.311548894555344,1.1480397834391527,5.804006947330366
-0.9830281839229847,0.09627124904588923,-1.8821678815312468
-0.6561485400727554,0.10883021014479795,-1.6076312142386606
-0.15623193270653354,0.4952369490377233,1.0300753415044401
0.2578696322619495,-0.14264349766904588,-0.8136222259896932
0.3784938053381205,0.8329369960595567,2.7187889507133107
-1.348795653013866,0.5598237734837808,-1.2695071468020056
-1.2381728171368045,-1.6850959457075096,-1.8250952261357938
0.47009488992136517,-0.5556123125840338,1.9075502563277114
-1.0636092721163015,-0.5233531233105952,0.818195739233849
0.06403712130953418,-0.5061043263337611,-0.7376126599363007
0.4230355488465202,1.0652848852198453,2.7894253706516707
1.3797367341916187,1.4870270343743406,3.3789815486486194
0.34531715596308316,-0.9218009492870658,-0.4514348131513147
0.5190126051611483,0.5414354657025845,0.6377139982524298
0.6732106685672852,-1.1697679260298328,-0.6570843630814494
0.16062930679181844,-0.5570803766876207,1.2315079953646804
-0.7336945897720957,0.29846554362812555,-0.12762472399392477
-0.39878066265827306,-0.18892278911451502,0.2784618398369253
-0.885582430201106,-0.6804502031227634,-0.005736235007364643
-1.130784052001312,-1.257448541736794,-2.752902506489831
1.1114925326126153,-0.3117665366868197,2.97729333306959
1.02004019535814,0.05249804576916535,2.077204403506276
0.5247048701388688,0.5622338124649997,0.8804512967808127
-0.25693629705268933,-0.8758168233625307,-1.2568922659777901
0.16454279169631672,0.5867559627909023,-0.7167197515401688
-0.8625581033211638,-1.1638395708715734,-1.6488485704264877
0.3245311247695194,-0.54611202207988,-0.5653086585644188
-1.2241029823434437,0.45037716986858095,-1.8193873128911575
-1.373011456343315,-0.6925154741851692,-3.029427088224792
0.4302222695324585,-0.7795961089653316,1.7784180138381382
-0.8458635560594017,-0.047332659920563964,-1.2687567976270933
0.7810441682700907,0.035434565591780036,0.4972880839451532
0.37495887581148707,0.9344819587375511,1.0895656574716284
0.15702660990092077,-0.2333860202557149,-1.7021896448778302
-0.7252502209888548,-1.7007880829997502,-3.2911978847753947
-0.6792212633726277,-0.6558380988135892,-0.6690382887156741
1.5069578313443333,-0.6304704683475819,4.115916415871318
-0.6681768758033205,-0.9323275893039767,-1.9956319044159374
2.5532699441381475,0.3219037022100267,4.777686662176647
0.9982740371927995,2.5017650960597746,2.261532566996051
0.2802013436795246,0.7941674714200839,1.087029553964173
0.5279936654668349,-0.15483955970627863,2.7548062245368237
0.8828206206835072,0.5036671840796867,0.9469258143848114
-1.1612637417501928,1.4427682407669162,0.13288943766112626
-0.21957479518566844,-0.309267177170206,0.46720520823279954
0.393592703754314,0.6644804705259095,0.692935603041217
-1.118857504410115,0.5618991164593641,-3.7102227987173317
-1.1578267109477236,-0.12263482579505247,-1.9999730452354447
-0.5539417739651996,0.05654600663726318,0.15330904597010186
0.7335480729356514,0.6518910030124393,2.412307922658046
-0.48564181209123225,-0.02623864299651823,-0.21396290010718289
-1.0143518271529879,-0.3395089961232722,-2.997452843356758
-1.6707620693445362,-0.5939899800810539,-4.487330548655392
-1.6872084785458534,0.29096207603689167,-1.969267052483734
0.6977598688426404,-0.055021997706913524,1.6068512971979818
0.6852621309650316,-0.3717382771934115,0.06599041080636714
-1.235164520212623,0.1765884696593404,-1.3278150905255448
-1.2789397942159166,-0.7730669219899767,-4.360994373200667
-0.16762771162616913,-0.8024196083490658,0.24385442773282762
2.448135987358259,1.3735661326631332,3.543979537576333
1.4958962998186025,-0.8813560626806459,2.5300862422175334
-0.26179901112481213,0.3157880605273778,-1.8880811763588445
-1.0273363066376775,-0.9683865786382551,-2.247439470228385
1.779699392162821,-0.23060964649542826,3.1993410971616076
1.6074273671162709,0.3903622821334836,1.8774266877088124
-1.9501498496136933,-1.0095367841786385,-3.649676688824935
-0.9962579717623397,0.5950386711269965,0.09332361461401062
0.7937319980018517,0.21891522857555307,-0.05543782983804646
-0.25675683406924643,-0.31660629064460344,-1.240345948555426
-2.4963137785881475,0.24546654240252117,-5.714938762464072
0.14325448029162346,0.07504483526323338,1.2663889170102323
1.3482824769369222,-0.8396500337690677,1.9544486267217276
-0.394254984625675,-1.3970639202077428,-2.8352497788951854
0.9238980086989959,0.1061317687820633,1.335523644650511
-1.1595480675569536,-1.0047211700923824,-4.041872504664636
-0.11237641237910251,-0.03521998936471908,-0.6942144404023773
0.45403449345497665,-1.6480761654837341,-0.5076659070559766
-0.42519374877744287,-0.9290324898875386,-1.8534398750169796
0.01689648977137781,0.27211081419361194,-0.23842087193047704
0.4966065183788014,1.0453227945903345,0.49597286481855674
-0.9598528124016693,0.16927854921524566,-3.092839251471797
-1.1198373523063503,-0.994434982580189,-2.794020932357338
-0.5625115897730083,-0.41533739832397937,-1.834503187750753
-0.6513649414267333,1.0936361266673191,-0.49647693026677614
1.2980795494032504,0.5186842575679063,2.2751387846264723
-0.6417965395023228,0.7870403389893753,-0.7587869513758878
0.18297099474826023,0.9967009537898531,0.28918119224525174
1.467106683793568,0.3774679772210974,2.774094641876857
-0.09842428572358924,1.1093799976364231,1.043821178175604
-1.0175859578271655,-0.9732139557355738,-1.4220399447915857
0.3063959154487883,0.29964525580575896,1.9944950376029047
-0.07245113094781097,-0.339482321326464,-1.1029691021149235
0.26082786518790396,0.20173889509150128,0.24031239942146282
-0.543765231803253,1.325397970925517,-0.4684367601450433
-0.5322424707696813,0.5037934820228303,-1.1417843916337342
0.4126499602474821,-0.629636693792144,0.31290480998605386
-2.7464496035047334,-0.35015411291724524,-5.187277862442689
0.9334516321323485,-0.9513386268081439,2.791280381948717
0.2522557047986589,-0.08981425124899091,1.8883365947795436
-1.6626676931290194,-0.4995968980787232,-4.664809015026957
-1.662848093672832,0.7915726949633616,-1.8189987132434164
-1.0828535415438418,-0.49272760429367146,-1.4254875546868
1.2916091657234197,0.7103147110119475,4.031330512205166
0.5903475149964013,0.720730133867399,1.7528131826915434
-0.392576433230068,-0.43533021606465405,-3.221522241884131
0.6569726538625242,1.4264917430963255,0.2680674902401412
1.2646418888372204,0.026924305327902385,3.5022373111206093
-0.30957411657329015,-0.6528184220460431,-1.2830068867804358
-0.17749715165247085,0.07439935119185546,0.9262467711575173
-0.6431470967820807,-0.9909625184719816,-1.601953492463389
-0.008850100931485194,0.6509932795695041,-1.0075104302137303
-2.2400261447477026,-0.89516798811002,-4.8091470589990175
0.234207771676083,1.2929929350094682,0.05303474854417234
1.6753715027194007,-2.0742065856961975,2.95305555685164
-0.46767879174198357,-1.1124601222936228,-2.571944119497431
0.5545892465854805,-0.3383458924600045,1.5193946445131497
-0.5769955929106603,-0.7006975199707137,-1.4149448598187588
1.8991903967581913,1.3469451713245584,5.137647244622525
0.6825815286073994,-0.060425971926004775,3.5636617289190906
0.026699815015098424,0.35480441562479215,-0.12872464848074294
-0.137466883921848,0.7073695573311555,0.7407886666925225
-0.40924769721708454,0.15287795135706436,-0.2671277427069515
-0.5158283603675241,0.961010037635776,-2.7585220227041223
0.6777967418604245,0.43971622687213185,0.004238867311094463
0.447876199068074,0.6982138041893212,0.552203151038718
0.6407104673412591,-1.486007464354874,0.49988392289232747
-0.9115113582449317,-1.126321734070885,-1.7521214395185467
-2.1869397085418463,-2.2264074859866034,-4.949251328914056
-2.0370981254922955,-0.2532728637439235,-4.206231589099207
-1.989839987331651,1.4317564961980989,-2.894070248552688
0.46244684606149605,-0.978402832216023,1.3524989552489415
0.08391072576873389,0.3150632222483205,-0.2895799477266821
0.8290387532262725,0.4409561641869742,0.7827308051968629
0.9578647730142931,0.23852639929048033,1.6380575148671452
-0.7044446751333624,-0.2842226144422469,-2.1477530331654053
1.447000155056895,-0.618144042623548,1.752939363176068
1.8744956853630361,-0.6367679606045776,3.400578346197294
0.16289785496132414,0.01745324715965509,0.04288071423367068
0.15293255703805353,1.299638411087816,0.9316219978120666
0.36829920615542544,-0.7935074851439247,0.9089941881853127
0.8622782181808409,-0.12253438711304851,3.4581610810743095
1.3615798255186626,0.09926815660078171,4.669334609760016
0.9654564019113094,0.791413490106773,2.9846292804247385
-0.19326891602795332,-0.23132811702434875,0.6971201380807286
0.5485829837896644,0.6377173074253245,0.4701873661107736
-0.84924328994596,-1.4967328080747555,-4.075461905066671
-0.7083800993666463,0.718399655443105,0.12586773486836922
-1.4486411910924109,0.09637100777018835,-3.6161977058732147
-1.7525690694561704,-1.0956452743285148,-3.9530546259879267
-1.0959902991597705,-2.3303586363217663,-3.775460262238803
0.429924427010313,-0.3653366349313012,1.322164745362707
1.1905834985954904,0.6688607321261223,2.24895563602158
0.22618254539107485,0.3190552959183159,0.5760625881632743
-0.34918279317172884,-0.3641663897854077,-1.0513570128125826
-1.7791790601633846,0.05006535632758911,-4.8586511193775
-0.19950903316703061,0.155990601900036,-0.9785665242289229
-1.1000845858434343,-0.7524105261949187,0.07357935571775442
-1.3075763942722984,0.05455507893136907,-2.3547578228210124
-1.060180174728478,0.11226854696815877,-2.7402859489225677
-0.6359192615882604,-0.7228314604482398,-1.7635313327289366
-0.30097945901397005,0.19819556381453532,-0.33988514443894013
1.2469722933274086,0.3105603138376986,2.8740390611855506
2.3691550562389834,0.5263236017057498,5.6570494732934
0.6955050202390526,0.7110465220196712,0.3147362789544048
0.01013813073731544,0.4103106132593738,1.089420838949599
1.8592089061120631,0.30139892719201133,3.5268643226827696
0.5468956144639459,-0.0954300964622639,0.941213688360282
0.3777898964361561,0.4487603052257025,0.6781273841035587
0.8351078027793372,-1.2692450421112316,0.8410262560930134
-1.3849658774068159,0.6542701930414734,-2.0776188956541737
0.23786258770443341,-0.5349093746304353,0.11457892353279442
0.6990056001963058,2.3375288226826814,3.0750193122085
0.7413417832877326,-0.5963380589248861,0.830424590755664
-1.6883040711527493,-2.887629829048879,-4.111141647200009
-0.15090654851081364,1.3720853008714056,0.12450829832469869
0.870633551143394,-0.5986523816788445,1.9145499688237995
0.5277328302362202,0.592950917859602,1.4960230160920875
-0.7110830739143721,0.22574206980329006,-0.7054800797915521
-0.5141635126318485,1.0963120621381426,-0.051060987550456294
-1.0397947015565254,-0.9032660239233272,-2.5829442137269587
-0.035006825167031685,-1.189061591247927,-3.092552929418578
1.0797917349315702,1.0649690001788814,2.7916102255843445
-1.5683367832217945,-0.9585674675059409,-2.5756378030745255
0.16046862784900706,-1.5336941178731456,0.8767072691091591
0.6314830048421918,0.777969495009857,1.8703795960490361
0.21094579705220856,-0.06525827559036926,0.344870047723869
0.8862305416438083,2.278204224388913,2.4995190002578465
-0.5294618924383243,0.3436096226346791,-1.505101357101266
-2.171951740252491,-0.3530927403612973,-6.156090033135951
-0.8515659738249961,-0.6271845498948492,-3.215450252666378
-0.9389025076062425,1.6846086733036654,-0.9385129265437182
-0.29833675349632494,-1.214927884231488,-0.8810459998525206
-1.5674784847778775,0.6169620453109107,-2.0981746895487143
0.40458384838925887,0.5616800152463364,0.6339820607459239
2.1668390238122677,-0.572805931639577,4.281513664870612
1.6378716694968327,1.5357178798243356,3.2430058927050993
0.7706792098207348,-0.7476554644684403,0.05924262767538746
-0.21510426944008412,-0.019471857856034957,1.494153595021824
-0.5508848032985084,0.38762840391645914,-1.3937125751106545
-0.7281719741683839,2.3231259734653587,-0.4333876446074201
0.7991102823239367,0.615152238314757,2.139740314469386
1.2922382638087755,1.731548029132086,4.378611856088846
0.6216742680614019,-0.7285626232021754,0.6332300275810943
-1.171631361856283,-1.745440306783524,-3.0903070992080197
-0.10199475027058014,0.8893567851825972,-0.2758907798203133
-1.9781584470053273,-1.628468999686122,-3.50447671433655
-0.4251230075063507,-1.3422103638945682,-1.8585770545600924
-0.7440072205393864,0.6107702022383282,-2.1745419049922416
-1.403253413329736,-0.05577662666864152,-3.19088978583737
-0.9050649719102395,0.84701928165966,-1.0106876351113603
0.30652142513165914,1.433174741267751,1.1555382140777064
0.49260363531993934,0.9127448826606009,2.301040076649741
0.986647830573138,0.3823299811068981,2.148237790178911
-1.7945925030674128,0.5520186136286346,-4.341027650155155
1.589310391315053,0.14482665183811846,4.323850099674013
-0.3903727737861049,1.7083922857252716,0.6491942821272242
0.3506890022864558,0.05238938245209195,-0.485826142792829
1.2261694307290956,0.8071438319356439,2.997200762171339
-1.1502765396382904,-0.940116280192513,-2.9790364460743417
-0.9415195477451844,0.03924223684726488,0.6914034501877124
-0.38192858506428407,-1.9976273281840888,-2.609161041879052
-1.1558605333567005,0.13872960168304665,-5.617004679243527
-0.8544480706321012,-1.488276766139712,-1.9702758445479205
-0.9953722525219022,-0.13287438442830843,-1.6936391637517816
0.19897295726609787,-0.2401168742836488,0.5928527473030647
1.0045403999066362,0.9720192775917507,1.0932509196265554
0.8691348161676995,-0.6422314508847443,0.9105702832644378
-0.5154486909164465,-0.6641784431474946,-1.1594884341991285
-0.6799282089942686,-1.9730137108249781,-2.7220057390073484
0.10642951805673029,0.6203817007502903,0.528550344732984
0.27640660989181604,1.0886716182506475,-0.036895796552350535
-0.2768574250598076,-0.22607723894763485,-0.7465125128762715
-0.3179055180186522,1.480237939513344,-0.14966746041372542
0.0666877457875983,-0.40975605544159166,-0.8686392167055464
-0.9008238473393744,-1.0023220419839787,-1.5638065395362757
0.034522380213581054,0.22914539927374672,-0.9344766160511648
0.11799869808391841,0.6862845394944931,1.8452763077241743
-1.7189702984520452,-1.4935203726422406,-1.4654557294080335
0.6673335184094056,-1.6356334016826954,2.4387988646317496
0.20472160537461895,0.04641988090055158,1.9449479757106776
-0.21475668315223806,0.480435287129279,-1.2272690660219066
-0.191443209296428,-2.344486374356276,-1.2801468267409615
-1.570928479019681,-1.7061874995424804,-5.759631325307495
1.9737770981023521,0.3077699396150237,4.767872527798571
0.7701548739229351,0.8887344572167168,0.6782342645931405
-0.40270525189963263,-0.38093558943047506,-0.9242317514116631
1.4921274416311503,1.2004223705861787,3.4222257277549213
-0.01643350867855506,-0.6137864176282266,0.8720569274342468
-0.6376975882599341,-0.1666958126080683,0.6479486236198677
-0.9972191198891994,1.349742741145804,-0.7567258900111851
-0.06522398233855446,-0.08155736257614996,0.015850489652565303
0.6285711545504018,0.025873102085106847,0.71910932995974
0.05654523582443688,-0.899870707064619,-0.17958571548298954
-1.3767847083436917,0.06701060439014522,-0.4336147879756074
0.22606042374278995,-0.6442655846992046,-0.4138194420563344
-1.0942000886811205,-1.7994395169422879,-2.6789350169676522
-0.2819152115369551,-0.970491872039209,-1.2765164082782299
1.1756260679967725,-0.2386490905891901,0.9051557235563881
0.38362847174973175,0.16363174597714242,3.429414327493885
0.8487766622350634,1.0680358963444236,0.7529346697406272
-0.8193112231254716,0.038534226822035576,-0.5897031274283786
0.18539046443562282,-0.127406724329176,0.5030087188667942
-1.1222859485902514,1.1061333896930683,-2.3797166543024715
1.5826678504859457,2.4150563930585833,3.8222808275632767
-0.786532435401099,-0.08543774963120429,-1.9949770688996271
-0.8570953651448565,1.177985590537586,-0.6670375480359546
-0.713608143702424,0.4861828648798671,-1.2028334202567512
0.6276445510903547,-0.07604597837364234,-0.07097247715819832
-0.3909177221784842,-1.9208850499509729,-1.797937526989946
-2.3340762424850596,-0.9675527455030262,-5.130994795749369
-2.343134574815916,-0.5567439323010244,-4.348161394671504
-0.7293106246562017,-1.1102071837434588,-1.1459676290983452
-1.2358817778521272,-1.1612499396064213,-1.3862896375118294
-0.08221672914024963,-0.4129254849500589,-0.3723040158883464
-0.2619841648060047,0.9518894344804019,-1.0451925706712348
-0.7098136866354016,-0.9201805265015192,-1.1958210810561076
0.3220687002975593,0.11817511796097928,0.08299948996764395
0.594059484427088,-0.20299279535976175,3.2324501205419964
-0.17178216562285925,0.7930997991549895,-2.2952650609279135
0.47491663453144106,0.0384368414759949,0.5322001243179888
-1.8711898663684887,-0.16816299181801947,-4.786244505677019
-0.9144202470812153,-0.5841894089855919,-1.4637651521572113
0.5479250301499385,0.8918986665178291,-0.2933455362012731
-0.03375586768021377,1.1393330760484754,0.212313310327679
0.6387651940636295,0.019442483468100038,1.0827410317596053
-0.1694918780867809,3.2717827509414583,-0.5399883750905716
0.7881359242557673,-0.002993212173462312,0.9609877430643279
1.6593570785261447,2.923823950131798,5.239307347268539
0.1389623330285518,-0.1338795220652906,-0.15186597215819994
-0.5393631614989267,-1.5707070621667887,-1.6889110517557517
0.4634428958958889,-1.4247665801707745,0.5498716772869614
-0.4841984619540567,-0.8714699430878016,-2.476566996892984
0.7331891867571008,1.4784079824425909,2.3852964124460665
-0.6165181345942146,1.703323302126183,-1.0477373026680517
-0.5692297904052049,0.3976085929613423,1.004993462141765
0.4786451158035554,0.3084952925681037,0.7386650678653142
-0.7561000963552447,-0.5369552926380438,-0.15431849944376008
-0.5252038784440716,-0.6766755963679012,-0.49697564397139493
0.8686290679590221,-0.7179031021596376,1.496672756875472
-0.09052956171722551,-0.8705499949009654,-1.3198805877087485
0.3429806494154394,-0.5399224498483253,2.024542832222429
0.8272653116790885,-0.6226897679586375,0.5802879751457032
-0.09952311783079479,0.5285374495625704,1.2127798516603898
-0.08520342404136633,0.7708186716940404,0.07931548668299944
1.522425267595171,1.6031807544350496,2.103494478443683
-2.4314155206194386,-2.4486213536292194,-5.721172516054815
0.5246850851237668,0.49511968189925337,3.835906748161551
0.00975682095622174,-0.3184684782892667,2.3363349879449213
1.5035722577570305,-0.266390602550299,3.9208908329137127
-0.6708187788108892,-1.6417041099382457,-2.0306447660487916
0.19246880067158262,-0.0328780548058861,-0.030997536446897678
-1.5086582223363763,-0.776007105490692,-4.1333717415202
-0.23855010906797267,0.35575942824792844,-0.7489416090316993
-1.4362620292620938,-1.1128091841928602,-2.4845128776724614
1.6292332961128713,3.445991978199787,4.499201364389904
-0.15251139988122958,-0.7820988670079896,-2.3343534475952374
-0.4205247764947582,-0.28220331133204374,0.9628286014527214
-0.10789357103945701,-1.228766191311558,-1.026249686388023
1.2648111906792252,-0.32517299656380105,3.6511802348451488
-0.021795487208085995,2.134254605408291,0.8573534153833413
0.40818775056966466,-0.3868920829313429,0.10433497228252409
0.21519445711933088,0.6102038578190491,0.3015998575148153
-1.3426594138533425,-0.9397797751359143,-1.2013179238745693
-1.1450563862372378,1.5383635880159876,-1.7065026643080734
1.399037923682995,0.4683515981660995,4.046475144860738
1.3286730781453158,-0.7166330276988501,3.2336568868548086
1.2956248429943216,0.2304389448620158,1.585197501145571
-1.0978061396453047,-0.38686369131376996,-2.8791593033377136
-0.21088622692195533,0.50870846650783,-0.49443844210359733
1.696919232021399,-0.8093965973446617,2.0515852907890766
0.8920981021738493,0.46321585968337237,1.1297637801664253
1.134668889427262,1.5831783610040255,4.485705581123451
2.2122141276659772,1.2627616279684077,5.176747839316335
-1.036242003436001,0.3049925127850185,-1.718525176357948
-0.3793653308018329,0.3336766348142149,0.8135532261154677
-0.40350952354711966,0.42150300893867176,0.5502145223555476
-0.14689754042770947,0.8983797556426475,-0.3695336726237974
-0.9735198278962615,0.38592714686162116,-2.1368148456583986
0.2748544935966242,0.6060901173083012,-0.9567333176670338
-0.01202905840800475,0.6378115275227791,-1.448168305243326
-0.8611254004281561,0.22779384371125386,-0.5496647938094157
2.0692396823688997,0.7204494240806874,4.611095632005514
0.07853849823155919,0.057839356724629275,0.40587622231733
-2.0988590847250324,1.0112863862602357,-5.102626196446238
-0.4513787907270512,-0.42825137273274405,-1.8365849066002204
-2.504752331783788,0.19377094223722074,-5.0711849748504765
-0.23279562692658123,0.03246411185618381,-0.6183729869347411
0.054597631580600436,-1.0741545541437278,0.603373507988018
-0.19421204983521617,1.1988259897380296,1.0881919035342407
-0.3823785091087629,-1.162433213400689,0.30038571929573776
0.7247428865234034,1.3051292211623837,1.5580847282399617
-0.7052237331993221,-1.0684664757175166,-1.2994544989256118
1.0836519333868924,-0.982083465583142,2.385788276622501
2.137525427660497,0.8608884910747123,4.21544267681871
0.7886518101451473,-0.08174492716792903,2.444683984489292
0.4124017635898437,-1.8451908393035983,0.5301085111211473
2.7880707368822373,1.503420382133753,7.027735767552968
-0.8794415845117081,-2.4885274308038428,-1.869548487094356
-0.033569433694862316,-0.6925260213203253,0.434654210635256
-2.0105323605893872,-1.520339343276323,-6.2848803362792065
-0.23349074042319118,-0.5679675021139594,-0.17091703244662737
-0.5112242015122636,0.0886811291310934,-1.3439628295854233
-0.24100763913141113,-0.33354077549023115,-1.3841124960949724
-0.04777304389867271,-0.5788541499103133,1.3398423357080722
-0.18234836798787168,-0.16379585572923303,-1.6773633738606266
-0.2038767470232311,0.2691654107580081,0.9956432929151308
-2.738094374379341,-0.8557595820870015,-5.642005044245127
0.595257974410475,-2.0748562266507538,-1.3463710118828227
0.35274795649308655,-0.9258458642879552,0.7642533781562612
-2.3719317987926374,-1.9043577912741818,-7.568620021611347
0.22324392041193775,0.6353387338660887,1.223546949352242
1.9951563972683215,1.8701583879293249,5.785279646472082
1.4366704232519372,-1.1454619384812812,2.457348722239694
2.1993505513916607,-0.8854354441705077,4.556234258416468
-0.8176665258887432,-0.8755339006871677,-0.22095470580183085
1.1886693940442878,0.7883904563415818,1.7967711183281696
1.4245745915076446,0.03134468397418862,3.1207515456722534
-0.6215208523477882,0.4889478159439376,0.27422996743881245
0.8146357675382151,0.7714698786911984,2.4767863798492833
0.37891541323088185,0.24783460866913676,1.0190519160802158
1.4148690419363572,0.4478316381382929,2.1104332805419244
-0.0925434411975542,-1.1625652652214649,-1.7783994587837575
-0.26495891942975514,-0.061788282103835745,-1.2032154121475473
0.30121117219817606,-0.616103464566919,1.3113882811321091
-1.4570629828289716,-1.3048293036276308,-2.79452942637357
0.3126857215426542,-1.16898434302642,1.431247320642632
-0.08223373692269897,0.9376095477172269,-0.6256595729183314
0.06491557063061282,-1.3005469870359045,-1.210673772209082
0.10899998668482512,-0.4043280267617009,0.8446968476923795
0.5761458458213984,0.9825650492252789,2.054999143229166
-0.6250187448660631,0.32925949315139263,-2.1628797349876177
0.08698754034691274,0.6523472334543892,0.9057562489851549
-0.3363074094305877,0.33137935811481006,-2.1287490597722236
0.5539375321521628,-0.14887533717303753,0.7825560388686491
1.3561941672373505,-2.1997175779595532,0.7029717476484114
0.3808251771533625,-0.608838514896523,-0.55557240500791
-1.6296757163989188,-1.3783079700674608,-4.4445190888735535
-1.282995666525742,-0.3780842858682396,-2.654317712317728
0.6419811946180404,2.0541070731169495,3.2944449516185514
1.043037681504727,0.13822540326388852,2.5109589712436606
1.2017244419424453,-0.7191462777533515,1.3479322884357137
-0.8410980240069365,0.8886924406554811,-1.9333094054814879
0.25158519256888745,0.4913729284746955,1.9809453487369746
0.10608461899714858,-0.08035006910577645,-1.21038829073851
-0.17876152733714018,-0.22763125052471453,-0.6072976644356745
-1.2836544487538102,-0.1454855832304818,-4.875808273593895
0.6038442988404915,-0.07142002557529518,1.0593404109603264
-1.7271345399905418,0.6195302446489066,-2.50463454677604
0.7268296083394592,0.1276566762468754,1.1192834009625594
-1.767573820975924,-0.6273766456979837,-3.81781756998607
-0.08755060831292077,0.8343714939378967,-0.1535243056333245
-0.35665333371189667,-0.6984039483116284,-0.5288903735298166
-0.2808632890684611,1.3092404821887147,-0.040627946647151664
-0.8626810644510491,-0.9801776268883637,-1.5586324276238863
0.6952520225678592,0.747985102745544,1.6466313672429216
1.678675705104898,1.2577966206808067,5.004040964176056
0.4033641342642362,1.2221833523777992,0.840276438734654
-0.6285430724806964,-0.11216084270052237,-0.19791935393943771
-0.4576282526058298,0.6922001429342234,-0.45017835912167115
0.07487857078759386,-2.1376414998551274,-0.844469189103173
-0.33045334969211937,0.4442359840402337,1.4196397204323143
-1.580226355942438,-0.10928687435789833,-2.3696726118987548
0.22387652056988888,0.599824655782442,1.9186260121005314
0.9428558354878455,0.10875907368838125,1.08067816020375
0.8498444791023432,1.2947968986167748,2.3907722813222714
1.6584948216444633,-0.17065075565805463,3.8800892037209627
2.6884995454714846,0.7337395186960733,5.716420040917306
0.5931785717798524,-0.10595608161921613,1.5744260767456326
0.017806360527484827,0.6557625719512091,-0.8036066913876849
0.900507782571921,-1.231266093369294,1.6205788923400941
0.9285836557543141,0.6065695140391657,2.65813702258768
2.0032375191729606,-0.389590456231888,3.511328493868372
0.4650843488712856,0.3948150201310416,1.3221940791809523
-0.4270637809387876,-0.875318548777549,-1.936921143121181
1.0045123210435036,0.5416409121258398,0.43121973393036717
1.1186841966344057,2.99152532733133,2.20085376704023
0.8671788965541704,1.5405205064858674,1.5725337207975625
1.639540046175863,0.9803787949047761,3.8573613769800916
-1.45597668772808,-0.6190149683816633,-3.9276084860948206
-0.49974030508864525,0.32486046626696946,0.9042214166437033
-0.7654170647645385,-0.1583383309460891,-1.6395168134216895
-1.5100245954188687,-1.985128894806908,-2.5297770944413465
-0.014693368898341039,-0.24016789709737435,0.11142646051483492
-0.5703502708169705,-0.3165380462672654,-0.7830863663542725
0.6570433658197385,-0.08963031587228541,1.1189334604219974
1.1284545645596458,-0.5320069937070456,2.9445961262207803
-0.4866507691249977,0.6518289597631163,-2.3648652665622407
0.9885950684697401,1.918580579702867,2.285589539214002
0.6622485292917855,1.155657151343846,2.116987139380986
-0.7351857089292808,0.660185179168459,-1.0853217056549027
0.2725365641481453,0.055069087583536756,0.22561238478570145
-0.7622960363969435,0.07573238027463178,-2.260249946510873
-0.716350404751676,1.1575225818131882,-3.18264041184137
-1.44743639489141,1.2816488993976525,-2.248253417670666
1.536144235139988,-0.5919468570976725,2.0691776967878517
0.15848861808018969,0.9498033495032182,-0.48631472136047127
-0.6886167124566349,-1.183109785074291,0.08154537455909949
1.0743569095256504,-1.1926586047787466,0.9653275605585951
2.611366143846597,1.59578333479431,5.424015158585773
-0.7112769265689101,0.03693926850178883,-2.1980228944773352
-1.205124508872585,0.033782099433273406,-0.8837523990703835
0.2156196440286503,0.9790230196839572,1.1099229153938421
-1.5116053883083065,-0.19665658614585005,-3.707169896377497
-0.8749940267054519,-0.8466643874825197,-1.0044519560805671
-0.060725330764566994,0.13835732498620637,0.02354565654564686
-1.0370845628363714,-1.7086333360297488,-3.6819592343213086
1.5428531590931815,-0.47246610353998325,2.61972727973865
0.18658188074372623,-0.15674016093421675,0.9393551102037043
-0.30989271325512524,-1.4425626847955897,-0.3298437023358698
1.72746964602179,0.18476433593766448,3.8686983650127447
1.2906775784173075,-0.7327331026438744,2.827628346952367
0.017294139128999964,1.1140775332347332,1.3640720224184433
-0.07227343646662275,-0.281042036472996,0.2830844856398752
-1.288703505535463,-1.0910002766481661,-2.5024926750162706
-0.615190289259767,0.2392227377372677,-0.8929421711289528
-1.4621796459914698,-0.05321768405751047,-4.1316762883510405
0.6658837451013254,0.040317882232232094,0.863141834278216
-0.16305057173197562,0.21545474434617437,-0.156218528610432
0.4446336985938525,-0.39402100013593344,0.21253480987881745
-0.3095196722392936,-0.32659087379396495,0.20924610604555072
-1.2682809860293773,0.6480038183549124,-1.5781015261803817
-0.572776517605683,1.6267370162970327,0.5120965925535567
0.16838359700107008,-1.9256937734963315,0.8526446250378448
-0.8055988812161725,-0.1356804125145089,-2.5024514113508567
-1.1296705476164974,0.9796823049288022,-2.9546798708990814
-1.9733674121252465,-1.1792119321006838,-5.7638200675002365
-0.2441083220188061,1.1668133745566713,0.26535251515534486
0.23125491350674848,-0.37922741529727116,-0.9023104718361671
-0.13447072938814317,0.7077521214173403,-1.8411539995142747
-0.08875079765838101,1.4737657781017426,2.2152137926981235
0.2029084438404148,0.8985768333563264,0.6637992274678972
0.4437835721280704,1.2143150230654063,3.5717988327595798
0.278642118809855,-2.2078270583898,0.042034100218741405
-0.3173021648123783,-1.2733628036547984,-0.8134644436278787
0.04393412845578107,0.5814666578892959,-0.946546743893495
-0.6431072893184382,-0.9107807981921531,-0.47548627101965346
-1.1726635268316519,-0.5518744955009534,-2.2198799672001033
0.28956332151019704,1.3842222466446572,1.9369889144925052
-1.3185942813995997,0.11649412372303533,-2.1045943877162934
1.4791240786296809,0.04531787848317029,4.204681743839209
0.13011158658234268,-0.24558563201559566,0.4324031792981309
-2.399378469979964,-1.5978955187164248,-6.42891796943695
-1.8381255415729627,-1.8805739650283726,-4.110189163221735
0.6367064655155873,-0.2177662438303732,0.2816376099276334
-2.178944150177627,0.3547387949361023,-4.320708044808578
0.2900325715435497,-1.3189447811529773,-0.4933306362585595
-0.24030555906126466,-1.8077800971566156,-3.5389476575642003
-0.3342882449843409,1.2755091369191027,-1.3076316748148873
-0.427054433988154,0.5069983511191697,1.0460084454755618
-1.1555981602762964,0.48209487168967236,-1.7192370011714873
-0.9083281404719405,0.9170964977748651,-1.871709853598792
-0.20937902858537485,0.5547435704233181,-0.7979162860810037
-1.783808972999259,-1.0555026816010538,-3.6945782462398964
0.0797057991517165,1.2501550555845542,-0.5202777072516984
-0.9463543669818603,-1.2773600534068807,-2.280377208633417
0.009683532895721492,-0.4785883207202794,0.08195197847359609
0.6039798722681124,0.3335956212340459,1.7594328036142564
0.34277644932384194,0.28099846915116444,1.5337411377491252
0.7914981384225998,0.5893355007148393,1.3973316347180031
0.4230718980185284,0.8765920793891918,1.2764056990810815
-0.8833681907468431,-0.8096723307359923,-1.5082344821000282
-0.6201665909643758,-1.287426287782822,-1.7508878405691
1.0085604160572545,-1.1677330889519928,1.2830799336100471
1.7692206186406239,0.5744831370391386,3.6882375021270986
0.3190338359010775,-0.4627542764009692,-0.37764751960282894
-0.9188496943913215,0.4129121286280345,-1.5150361388501934
0.6848823603276963,1.182981610741524,2.7967487683596897
1.0178710099504393,-0.6717339768759383,1.8383095975871764
-0.8233424440306172,0.924698947331539,-1.3336017127924145
0.921521728656499,-0.6448925159282498,0.8371814039004706
-1.3525194984741011,0.6168138848999034,-2.5714594873293333
-0.19309122725536848,0.03407459810392069,-1.0652979983865714
1.0863741465087196,-0.8504394479875429,2.2364197323799977
0.31954305343164613,0.9478503717301356,2.0810570257325356
0.8981265827492751,0.7226043986672266,1.7193532434165304
-0.37717345651260986,-0.8686062523229551,-1.5432890596653501
-0.7749975397237235,0.0377018047450394,-1.756781304227968
2.0745077652461026,2.5223980704282223,6.067143612211737
0.12500440916164052,-0.7518627906059043,-0.04638818152195469
-0.5385776601376537,-0.16671286249381756,-3.448486075200214
-0.8378032168187077,1.4028930698445035,-1.715991234990555
-0.021137729114434012,-1.113697726786059,0.26343002205715266
0.3194136496079562,2.3804136365109967,1.8077341161761928
0.5225027496532743,-0.6673021447577305,0.19455750831321683
0.8434679612746074,-0.5214321963221713,-0.463508363726967
1.8406673467668702,-0.03855375612042458,3.471857310350382
0.32894339491624897,1.0746764217746314,2.1442421044249103
1.130883965256144,3.23554281654337,4.656758546063392
-0.250754038546613,0.48331463518207424,1.376471646689498
-0.5236158010692403,0.6196162192045519,-0.3609119338774064
-2.7754218198710303,-1.3735286742931387,-6.766473607948321
-1.1620193804614936,0.14124173883725402,-2.2917236112084876
-0.07076499290579208,-2.359782639070919,-2.3878419592506672
1.569174364016106,-0.2582732433307346,2.324437746707894
-0.9492619509083221,1.4614250939909206,-3.620270394979344
0.687245442172372,-0.19807004969216896,-0.6259495582239387
-0.4492331193288362,-0.05764263342676864,0.05768161757971735
0.8029017817881788,0.03904464136347023,0.012052188608403736
1.7063487862175026,-0.12372948963351366,2.8639671678647614
-0.9294721412257736,0.10004958224597789,-1.012120520462897
-2.5341679858103303,-1.5112334190123589,-5.256592696387848
-0.4419003476389983,-0.4808714318902728,-0.35725676826412944
0.5884436912861144,-0.34158764800782293,0.8603522695165859
1.1210810980278225,0.5697733680269089,2.3804571975491986
0.5501151082722388,0.20737663637095208,-0.21704322425733857
-0.3605460432668798,-0.7585924722546605,-1.0195920208974365
3.3222049693614197,0.8490138449087029,7.695786079779467
1.3272561792757105,1.2265854211053309,3.0234505108046976
-0.7675262485214094,-1.2794176707077078,-0.11497808170356705
0.23085571122570683,0.18401111065494768,0.2390502910977798
0.5809883334072069,-0.7490257660594998,1.600430025945381
0.2740983259641335,-0.6081485312300793,-0.6883960774335094
0.10098813350846109,0.41986362472831695,-0.5555153539806009
0.44368619060464026,0.8418497956341285,-0.48962660874975406
0.5931807021691082,0.38015693673667245,2.258315725524011
-0.7506317199919378,-0.5348443304030077,-3.271356770009141
0.08522948001823744,1.1297120093018238,-0.6242345214894933
1.1052521419413244,1.0318896318464825,2.176444766873258
-0.7187591269863249,-0.9893825755700024,-4.717668616876272
0.7276854697872105,0.3131685255615102,1.282480092781081
-1.4618279959601033,-1.1596647703531444,-4.975881194190567
1.3495699538793895,1.4667335390705236,4.757890586297944
1.3500439575933882,0.2700595780281152,2.747724556227913
-0.1353511821905169,1.0671353211870056,0.14984319230399407
-1.4676499450744835,0.3881438015061024,-1.5154728345619304
0.2717634280929142,-0.10827038669875509,-0.1512213116916339
0.4699255780289005,0.7504885421559019,1.79220168036472
-1.8860050551507601,-1.1033177467575255,-4.032868699054545
0.16766789216897193,-1.432682426397689,0.3261265278229641
-2.223075652451999,-0.6311536383347909,-6.539707123309124
-0.687009043017793,0.26361795104147595,-0.26265100104274275
1.5245343225937857,-0.41368807050523254,3.840777898436643
0.6423256327686331,-0.4651187418954631,3.2791927622642074
0.38329072274127873,0.9208515040457871,0.8772026919718507
-2.98968874482466,-0.5021927138785016,-5.835477064880488
0.3763846636229169,0.9744568718066795,1.0662230112470703
-1.300372501075097,-0.7729359177273674,-1.1325668245265619
-0.03542477568400057,-0.2564833626767475,-1.5993936729504377
-0.12069039893430364,-0.826313344778546,-1.3268996056200637
0.32750234979643267,-0.4261993216028353,0.44542536998460275
-0.6524519147522256,-1.1616968683414082,-3.5485949983248153
-0.01853651884723395,0.44698697233267626,-0.023702795789223755
-0.13274625289108893,1.1823142988352564,0.26458875420424477
0.21066616710229613,0.2833586941747288,1.4358216070549918
-0.1378376684210828,1.7122678446611388,1.477962546206989
0.11300255271331727,-1.640100004749808,-1.9602079975471836
-1.1811736746951935,-0.7515520739457554,-0.9826282449187904
-1.1525035678409272,0.5246444026911804,-2.622801189668675
0.1036409946717556,0.6333792883925828,1.515753001384819
-0.35887201181962286,0.3269967190492405,-1.3315468530404742
0.9732870735752919,1.7456849921151656,3.0885456481497666
-1.0260267439575448,1.6753895664433776,-1.7806754810904812
-0.17648719435544052,-1.4593043614019023,-0.4676644878091987
0.8537776559371035,-0.417404252867921,0.9958730517822842
-1.3237756508080525,-1.434033370672623,-3.344639258013269
0.4672670380390939,-1.0307739723063742,1.7945687309119904
0.9015758141632353,0.2482563941471993,1.7576475155064013
0.6954480909699162,0.35140777396714484,1.0792347600987817
-1.3325533218309675,-0.7804516949355744,-3.193836231266092
-0.22284750697460237,0.3016004448677411,-0.11631707145998804
0.10599587854779932,-0.7278354281762072,-1.0272255984055918
-1.3641219035689625,0.24941386888376912,-1.5262773395554303
-0.8124199041406637,0.11314525552215132,-1.9508255360486277
0.3988001632071714,-0.28401258069641117,0.3063995411103103
0.78565975712159,-0.9600924629753838,1.0203140299137508
0.1874763516549086,-0.46532506009253094,-0.9011198019061553
-0.34951410865734345,0.4911462041228481,0.20293140488451666
-0.7830583714717667,-0.49418184387706493,-2.6693158271400703
1.8276272035346652,-0.3255077916075735,4.626364238208534
-0.6610328974277031,-1.0697606819584338,-2.8202164123922246
0.5617831455471213,-0.4341147968227926,-0.8919211666426119
-1.1366978979260498,-0.024856643801216743,-2.512708457496841
-1.2244835035792898,-0.7291088454614248,-3.029043265170195
-0.5152960241081662,-0.3827123393285203,-1.2429339336454506
0.02782183435757457,-1.100694120344487,-0.4659362831498137
1.0892859317880517,0.7491647572404538,0.7880604037217798
0.671391195582707,2.209775177910021,3.886007598272423
0.3436225215259461,-0.42523022892003487,-0.021636014858988584
0.0413447499798445,0.46666628728959986,1.1080829936753906
0.818227739254827,1.5819674470686946,2.8909649623685842
-1.5549461931726598,-0.38444416247261204,-4.233591732929837
-0.06079271474864133,-0.38916498408509204,-0.38391264554956417
-0.01234726605406325,0.6472751427704828,0.8433882720432467
-0.4696069880322743,-0.952345799282998,-0.9554145712339284
-0.6735519584980655,-0.1731365030896369,-2.4626353192916555
1.5620222613855328,-0.5531650752611298,1.6605343861828754
-1.130124363005129,-0.9678370238166639,-2.0489596592770223
-0.1543796823583955,0.42069595868705695,-0.13530374591073252
-0.8789386870215325,-0.13881389317544993,-1.0300346722984797
0.376022985147228,2.169525792413102,2.329419605496121
-0.38056067254742015,-2.843017895034077,-1.9284059909089044
-2.032103322994789,0.6452819295027477,-3.324555961841166
-0.42998825230689297,-0.8213217070805984,-0.7729052375206906
-0.38001843113625666,-0.28622916957808403,-2.193514820000827
-1.4706382747752416,-1.0888009838759947,-2.208357498100421
0.010716378937260962,0.5784004888552792,-0.5140498485211825
0.6743890756669,1.3554177692818523,2.9049750480981107
0.4035350578182777,0.4891122006032659,-0.8367802245275376
-0.7771336817701915,-0.911856524356647,-1.639524167869476
2.7980256388245537,1.6144774688425108,7.087825442035593
-0.3775953965236741,-0.16372666558551943,-1.6881146867992416
-1.5470701317770015,0.17873870178181694,-4.417940266035083
-0.5656638388715561,-0.049238628829137744,-1.6952554439539997
0.8951006865097871,-0.21580072358040833,3.467069943204545
-0.7281700792022119,0.08097708304063134,-1.784622690616716
-0.3768613058437915,-1.0305527365838567,-0.6634820271736999
-0.05216855917021418,1.1532113023228512,-1.2545190546286351
-0.4915473992160978,0.6463288849385649,-0.12367086803891436
1.3428782638132195,0.07882855537834381,3.1887277317261953
-1.5698929013952059,0.9454057298524551,-2.317286248552241
-0.38748970836323643,-1.2221487907226203,-1.913053444073265
0.15452112097660076,1.0851289636054278,-0.6816959056198468
1.4971521296421282,0.21200187352764172,3.333925952402202
0.09171416872355284,0.5032210269115375,1.0127782656169162
0.8978018534859583,-0.45571199407797514,2.3487419425211704
0.0017606106940488697,-0.782293586541174,0.5104134064624607
-1.0000853903840012,-0.5462030503704597,-0.6803278781633018
0.6908460050479889,1.0362530462752164,2.611787115133103
-0.7773673056277259,1.0907766550326259,-1.6464555310566453
-0.7207380468599756,1.5548723981067452,-1.4662407347887414
1.1952234272020774,-0.06199720549538781,0.34978670079258345
-0.015437785880336952,-0.7560564427534692,-0.8484667129530192
-1.1428311581211121,1.4724661737526112,-1.0852553750713345
-1.0776565617588008,-1.5519448950985424,-2.719906000762011
0.5607290171183568,-0.15888537828916013,1.8316639190764712
0.45943563263710896,0.6032570197890095,2.1026460082307907
-0.7932246483851688,-1.1622847390795525,-1.0139383203431622
-1.4147079973039687,-1.5600957837908729,-1.2194923002119094
-0.12102359248915612,0.489185585613409,0.7309167048358192
1.3931605330057317,1.621050507476789,2.751474121879671
-0.7812368302061323,-0.7147365284385571,-2.4378578786150173
0.75477832102643,-0.6866874371666556,2.8900888086067185
0.37082929173040874,-0.9416037661180929,0.4477696217589973
0.18539617837985395,1.4847259990039257,1.913338309774709
-2.033162982103216,-0.7079351943706514,-4.576108840249544
-1.076667522290088,-0.8374438064263166,-3.080227665339325
0.4116718000315648,-0.8040299893694642,1.3921957560867964
1.6397514272732956,-0.5879039896690803,1.3081070984699694
0.6519294773831212,-0.5977179419495307,1.0755908669460634
-0.8049767142694562,0.6064474745601522,-3.420362042872587
0.326490082446246,0.30172811272081135,1.831529374606958
-0.24864815351665173,0.47474825402492754,-0.9244022932220693
-0.7519042534971236,-0.6302002898829396,-2.1390417225327156
-0.8795877048335328,0.7245143100715692,-0.7586097184892382
-1.6793963261668154,-3.043134842577593,-5.742876880058999
1.1795243396141173,1.127702171367186,1.2414235216116194
1.9406476194656712,0.19984638334337507,4.047949671262845
0.5216728581292465,-0.4051021862883783,0.4907341114885434
-1.0323004319858304,0.4755274992456119,-1.238979168403691
-1.074001137165859,-1.2231220839365247,-2.162634869798452
1.9190548086505455,-0.6327135545882763,4.109473516838579
-0.4296356167444481,0.10917161767972627,-2.262612794504107
-1.2559652720014602,-1.5625565841360949,-1.2795506679788697
-0.4709694029488247,-0.04024543281484703,-2.9720804167369117
2.3813440457550943,-0.036329929718729774,5.486766535311203
0.2721652791227863,-0.2789255814919092,-0.685794179223136
-0.677248794211109,-1.293129449379392,-2.993625774365884
1.439002550517392,1.1668008061452644,3.5893927407388673
-1.8406842299360868,-1.4853740471126593,-4.312485637292056
-0.5609432753204139,-1.4771204103198117,-2.3019234407383284
0.5265332265860245,-0.5826403562668903,-0.34706553352043223
-0.6560437157975553,1.5493037909122596,-0.5291842539492062
-0.4533290359305425,0.10688293076497023,-0.10921916740909676
0.5004412899618021,0.259566728752779,1.2294359572366824
-1.4551186652165293,-0.21598870188729588,-2.6895912163135836
-1.9418244396228603,0.270847411651089,-3.33124212648824
-0.10081130180158099,0.6331892474038922,0.04047726106437642
2.248075168548178,0.7074693315146342,4.270655160346367
-0.38500806369629176,1.3706814683920134,-1.1367117077471856
-1.6157485876729794,-0.7780561340776294,-2.059159883769015
-0.1700447618531057,-0.1581135448974063,1.1676267049834639
1.3568257575742693,0.4135386632076151,3.6904473422389392
-0.6936358038580135,0.8250757253285773,-2.643235512838988
0.5171433975240192,-0.3330222487766661,1.4065361183497083
-0.08703963553762861,0.6507739654103994,0.9580775168977855
-2.1318405739809623,-0.5484526829374633,-4.801893115207527
-0.1626924629604325,-0.3414764526684675,-2.3706969934218005
0.6457537114033169,1.0121437662514947,2.7049158893573795
-0.7848859211138884,-1.8827545018525282,-2.439803248417856
0.19318540700107797,0.22154674072321506,0.6598144476009825
-0.5897053962618919,0.9259399916221451,-0.5560302387483562
-0.7990050345263325,-0.3447769817226177,-2.4680861104390885
0.05096279175795773,0.6248557297296206,1.3290748220957764
1.110187127372984,-0.706496293740966,4.421560172692501
-1.2983669450651143,0.17120741436338577,-1.0596428780622564
-0.7832835870304289,0.009778756915695755,-1.0952523750858845
-0.0521240770506698,-0.028591718166121143,-2.0100449321247886
-1.6180592862863197,-1.275787264145574,-5.949843754836946
-1.3873661180471146,-0.1625880410706837,-2.44644223099295
-0.5327286024590674,-0.8139526680174086,-1.224182490462876
-0.6054700021797463,-0.35960728144336035,-1.6953099935197684
0.861653922608087,1.0242439952678226,2.3805645746986945
-0.5591982154983034,-0.5665925820568993,-0.9259846553867583
-1.4844203708970385,-0.03272916107035581,-2.9148523431526367
2.487808158632188,0.10302362183111818,5.429873566307917
-0.5443109530969017,-0.18946603441241477,0.8599818377955983
2.6325353427025355,0.806090490556974,4.566039169413577
-0.947769842858115,-0.042447823839465236,-2.7838390935872743
0.585631596461541,0.15489822566351777,-0.2581613329580448
-0.9131733824858022,-0.890281200482892,-2.3337666493630547
0.9519697944963272,-0.38225907621296307,2.087925568129382
-0.8191403872875104,-0.6470044320248302,-1.4402187307317305
0.12610322804426294,0.47427829202552835,0.6423897987448873
0.8866053028070435,1.1515289232923283,-0.6797596346620027
-0.4726197341628776,-0.46063149369626716,-0.9145480375277175
-1.3794188399723035,-2.2152623848457105,-4.476084174363903
-0.458128467025324,-0.8455127725141309,-2.8323771457447893
-2.138458924299095,-0.934275894673734,-3.7805519031645636
0.15045519390126572,1.1807547872576634,1.5566889649323266
-0.4790243925338478,0.1429936839576556,-0.4609435212147853
0.49141082805490305,1.5647374593981487,1.6394124836269595
-1.4953395704780368,0.40090412754537913,-3.576982873020215
0.15687237876123167,-1.5475572207122548,0.9692042615120537
0.08508576407802307,0.49491061825843335,3.1754365457249927
-1.2991476262777628,-0.7478538948506593,-2.26198941767397
1.2757534706571898,6.033593903587047e-4,1.8668229341596578
-0.17042616241158484,-0.1016533711247659,0.17699771722170454
-1.7640342606000605,-0.14405814262965488,-4.087149113903699
1.4500190215312463,-0.331369056733852,2.207160558210835
-0.0018292276412584796,1.921208154613211,0.2756346280607044
0.6462839734781999,1.5098548579768,0.9242326352143466
1.354928573920704,-0.8892843980711511,2.8365116825750074
0.7099143299108438,0.1986802070475964,2.483962484164147
0.4063783246562705,1.1513646799539081,1.4748584102268667
0.5947201939649742,1.1025255706706856,2.170228033180651
-0.7868033547076438,-0.8953830460632809,-1.821235268533986
1.3178104842990837,1.409800898847499,3.0344148243643927
-0.0022119365790604084,-0.7045957970358796,0.5661496288993866
-0.5881518182320327,0.12664253326837657,-2.301966597430291
-0.48478396404275204,0.16875580379343383,0.41655332229736075
-0.04328297172938056,-1.9199911245538033,-1.173800478527254
-0.9871986987431232,-0.13330742023370618,-2.5641471498708484
0.08460441382173556,-2.1003865730199354,-0.36652745401746506
0.24771421448963304,-1.9663385041817756,-0.6819155802169138
-0.8771786255773713,0.32051543241721936,-2.2462787871892966
1.3053812865765468,0.34124342063399055,2.052594755763512
-0.05900958959745295,0.9743347006993558,0.5044733582968672
1.573080236074941,0.37954619821938823,4.711805090524456
0.2269820600831678,-0.6737692956141372,-0.3114539129454833
-1.7188447641964708,-0.8007270741037564,-5.45878860583825
0.9577246883552604,0.8045545067922113,1.7576482178680761
-0.3720165879016148,1.4510356487577176,0.12555148991828607
-0.21506846523433498,0.7987937110246468,-0.7171113796860374
0.44549925832569737,0.21692478937967952,0.2675537058329083
1.023878306435348,-0.06899719628240775,3.4282144587192116
0.010824277503077406,1.6284169621074962,0.11911719037207369
-0.6211666729991422,-2.491686981422314,-1.596038822075605
-1.2573858797277273,0.9929091009688097,-2.653398574186632
-2.1671901464683465,-0.1676952819530069,-2.909067229038219
-2.217701265651592,-1.127101179643191,-4.7007361499680735
-0.5548503235815121,0.8366620404007477,-0.706765414746191
0.7298484606366027,-0.9802786464834485,-0.21674684493645513
-0.8343562043560269,0.34400598822978373,-2.3070891296239644
-0.9158856264378548,0.18553456117757292,-0.08018982540534814
-0.24899746475971507,0.14119961299527417,0.495341976647389
-1.6505439936806248,-1.8520974027794186,-2.4569987728991265
0.6397913681509897,0.16242001809868625,1.3638712278719507
0.05322587030972417,-0.49317896283124385,-0.6452797053326513
0.48116289448994576,-0.7037850665374299,0.4616367129666726
-1.2881992115867564,-1.1836207063485376,-1.7431385658776544
-0.4332858838804674,-1.138698182033903,-0.4863580389674752
-0.2443063880048705,-0.84560346853087,-1.4972887528209162
0.7852909735716214,1.2469904080750367,2.399620772067188
0.32765945883923986,0.6951650118897781,1.1855779193434972
-0.6498906336100801,0.27483248030804003,-1.2486864676371354
1.2480925627407902,1.7164852726498192,2.8657683003081913
0.8480690752976299,1.6120811973651208,2.3325998919899993
0.1523053514009855,0.9029607681008296,1.6838273187683122
-0.781486145564211,-1.1834419862418095,-0.7840781741734095
1.2144789801613,1.433080023909366,2.8003010667680703
1.6854363022881045,-0.20212663548437765,4.210966989527748
1.3969764230716515,-0.24267129791750316,2.0269827047050266
-0.3922172037740557,0.23754011959566207,-2.2730645288764255
-0.08993727235599515,0.06293771554230122,-0.780265083176267
-0.6214367482132523,-0.4938800535548951,-2.9179538227414863
0.3809956220741776,0.6848694750415585,2.065183550813483
-0.47795817287623843,-0.48204249043091035,-0.36017949287633055
1.4972506962526106,-0.5647951673516729,2.57148343555376
-0.4228964376480386,-0.25429340750472584,0.19695671805126647
-0.6700442434896206,-0.7596828712569065,-1.1557577282097524
-0.06969536375427489,0.1536820063603452,0.5945391396434591
-0.21675635057919612,-0.09725349841392865,0.4019233961069129
0.5965633346055215,-0.29590057637123296,0.6280935770148962
0.6737669736956725,0.4637913815629346,2.2549046762018685
-2.126792971705307,-1.8248309383831463,-4.641617737934638
-0.584155449999697,0.25244191192935694,-1.6386504713109793
-0.16132433024032533,0.9012482544807836,1.17594519823164
1.2078123778627534,0.8804406898562592,4.92105370267916
0.6489769078588372,2.231770098829846,3.4641337248331245
0.30763924429612666,-0.6398348303688018,-0.5716271075686274
-0.3724342961569144,-0.9801036544911568,-1.1949698008672043
-0.3415222838215762,0.3260979759895283,-0.06393355686357372
0.15901184020213277,-1.6852623950333456,2.0360813669418643
2.6964755232781155,1.2106915719856073,4.463084380284589
-0.30710375459646927,-1.0471135906274265,-0.39702191666409015
-3.2704597716456574,0.43854677570086625,-5.563397045834821
-1.0592276428765093,-0.33780518841252033,-1.038443356402311
-0.9403361070051821,-2.3794763857437844,-0.31338879773508843
-1.4788231409731833,0.2593448924030639,-2.9375063324092534
-0.013970960706384095,-1.1030046827776738,-1.1943795088971663
-0.3074574647922863,0.9223010591079539,-0.7796629934872302
-0.03848963680905704,-2.4514910096440237,-1.088107349237271
0.9052217602774776,-0.13100381922493617,0.3328413362482574
-2.130629785283103,-1.0533970103667376,-6.158488484721877
0.9017511731435628,1.1271659013142146,1.495836280767225
0.7544565971949099,-0.7278346392287324,0.7533952266413221
-0.3998814074563427,0.9353405892081782,-1.543596394850403
-1.0670212782829551,-0.4682921038357508,-1.9526060961349594
-1.8970146141079272,0.1298210687681697,-5.09112525525015
1.4022477550522536,1.4623528411944184,2.200112826700923
1.879034640454963,-0.6821693756430722,3.013805562532562
0.42914770206877884,1.818618386740731,3.1097990169828313
1.402542109677246,0.9861583682472896,3.151112778355257
1.6131232284039572,1.284601321766847,4.631256809226951
-0.5726264187170033,-2.2464005694002753,-2.8202279412242293
-0.010383137511684286,-0.1685166315882568,0.13339851752831058
1.6121630009737027,-1.4666166275157269,0.9689777718540329
-0.21946302640380264,0.7592750359892029,1.6317615740318085
-0.8147795715192351,1.2227770292299545,-0.6499483044478334
1.0534626646187646,-0.6175353891416024,0.03958892955497917
-0.7517658733422763,-0.5117739422235191,-0.10123015970598548
-1.9621837548027345,-1.6215801929844351,-2.9432273989095883
-0.09888354959138848,0.7909376353345946,0.07297737853195226
-0.40358437903575395,1.4615219552185321,-1.609995300572212
-1.5042206292950238,-1.6999322157134285,-3.30053716323098
1.727189472524627,-1.8125147452457082,2.9529870698267366
0.35343028959303263,1.1441410974214077,3.0736645982326483
0.9627749331119069,1.3485418572364385,2.425790663634659
-1.9974201905841462,0.37155645507325674,-5.45131622288378
0.17594087953462884,0.24224903230216624,0.8203900886047787
-1.9865253433488523,-0.6212585480981543,-3.3973311582967787
0.5752135656824403,0.3390380705538041,2.075626005351581
0.5893926227850876,-0.452140126031672,2.1716023929143597
0.18610453750866413,2.043233212525891,0.7877827068004234
-0.6715743603215499,-0.449337685075739,-0.9887075155615315
0.3826449733017303,-3.137384527995377,0.49088968262126287
-0.94136446827542,0.4999622090760861,-2.543643015224502
-0.06776136995664639,-1.2571415896821778,-1.0849227745518335
0.7390024014567809,0.8227614281599431,0.4192657110606719
0.2752118147039515,-1.5460960813524094,-0.2230181562953102
-0.19556038181509483,-0.2587807589882732,0.24825615619707553
0.2757632467707551,0.3904073771240819,0.029037572022583502
-1.0342206517610293,-0.19727020307980922,-3.2053738112863295
0.35641454388188387,-1.9469494794719144,-0.19723442201412156
-1.0179303357170517,-1.427638173417051,-1.6823912425042304
-1.2799093681262557,-0.8504180422575964,-3.567478729565045
0.12022433834227264,1.6244690929778614,1.7512243104391878
-0.795464352361452,-0.12663816139865405,-2.120112988014031
1.4620094759682276,1.2756020274780469,4.281685476727925
-0.5910753200179447,0.17949617671582072,-2.704234187243376
